libelle_caisse;format_service;volume_cl;nom_canonique;categorie;nom_inventaire;nom_facture;flag
"""Champagne Brut """;Bouteille;75;Champagne;petillant;Champagne Jean Sandrin 75cl;CHAMPAGNE JEAN SANDRIN 75 CL / CHAMPAGNE LANSON 75 CL;Jean Sandrin OU Lanson selon stock
1/2 Arbois Béthanie;Demi-bouteille;37.5;Arbois Béthanie;vin_blanc;Arbois Béthanie 75cl;ARBOIS BETHANIE 75 CL / 37,5 CL;
Alsace Gewurztramine;Bouteille;75;Gewurztraminer;vin_blanc;Gewurztraminer 75cl;GEWURZTRAMINER 75 CL (Les Sorcières);
Ambrée;Bouteille 33cl;33;Rouget de Lisle Ambrée 33cl;biere;Rouget de Lisle Ambrée 33cl;LA ROUGET AMBREE 33 CL VP;
Arbois Béthanie;Bouteille;75;Arbois Béthanie;vin_blanc;Arbois Béthanie 75cl;ARBOIS BETHANIE 75 CL / 37,5 CL;
Arbois Chardonnay Le;Verre;15;Arbois Chardonnay;vin_blanc;Arbois Chardonnay 75cl;ARBOIS CHARDONNAY 75 CL (J-L Tissot);
Arbois Savagnin;Bouteille;75;Arbois Savagnin;vin_blanc;Arbois Savagnin 75cl;ARBOIS SAVAGNIN 75 CL;Servi aussi en pichet 50cl (depuis bouteille 75cl)
Arbois Trousseau Bou;Bouteille;75;Arbois Trousseau;vin_rouge;Arbois Trousseau 75cl;ARBOIS TROUSSEAU 75 CL (J-L Tissot);
Arbois Trousseau Le;Verre;15;Arbois Trousseau;vin_rouge;Arbois Trousseau 75cl;ARBOIS TROUSSEAU 75 CL (J-L Tissot);
BAILEYS;Verre;4;Bailey's;liqueur;Bailey's 70cl;BAILEY'S 70 CL;
BORD.  MOUTON CADET;Bouteille;75;Bordeaux Supérieur;vin_rouge;Bordeaux Supérieur 75cl;BORDEAUX SUPERIEUR 75 CL (Château Grand Renom);Libellé caisse 'Mouton Cadet' = Bordeaux Supérieur (confirmé)
Baileys;Verre;4;Bailey's;liqueur;Bailey's 70cl;BAILEY'S 70 CL;
Beaujolais Moulin à;Verre;15;Moulin à Vent;vin_rouge;Moulin à Vent 75cl;MOULIN A VENT 75 CL;
Blanche des plateaux;Bouteille 33cl;33;Rouget de Lisle Blanche 33cl;biere;Rouget de Lisle Blanche 33cl;LA ROUGET BLANCHE 33 CL VP;
Bohème;Bouteille;75;Bohème Rosé (Le Pive);vin_rose;Bohème Rosé (Le Pive) 75cl;ROSE DOM LE PIVE 75 CL;
C du  Rhone St Josep;Verre;15;Saint Joseph Rouge;vin_rouge;Saint Joseph Rouge 75cl;SAINT JOSEPH ROUGE 75 CL (Ogier);
C du Rhone St  Josep;Bouteille;75;Saint Joseph Rouge;vin_rouge;Saint Joseph Rouge 75cl;SAINT JOSEPH ROUGE 75 CL (Ogier);
Calvados;Verre;4;Calvados;eau_de_vie;Calvados 100cl;CALVADOS BEAUJOUR 100 CL 40°;
Calvados (4cl);Verre;4;Calvados;eau_de_vie;Calvados 100cl;CALVADOS BEAUJOUR 100 CL 40°;
Chablis;Bouteille;75;Chablis;vin_blanc;Chablis 75cl;CHABLIS 75 CL;
Chablis Le Verre;Verre;15;Chablis;vin_blanc;Chablis 75cl;CHABLIS 75 CL;
Champagne;Verre;12;Champagne;petillant;Champagne Jean Sandrin 75cl;CHAMPAGNE JEAN SANDRIN 75 CL / CHAMPAGNE LANSON 75 CL;Jean Sandrin OU Lanson selon stock
Chateau Minuty;Bouteille;75;Côtes de Provence Rosé Minuty;vin_rose;Côtes de Provence Rosé Minuty 75cl;COTES DE PROVENCE ROSE 75 CL (M de Minuty);
Cidre Bouché Brut;Bouteille;75;Cidre Brut;cidre;Cidre Brut 75cl;CIDRE BRUT 75 CL;
Cidre Bouché Doux;Bouteille;75;Cidre Doux;cidre;Cidre Doux 75cl;CIDRE DOUX 75 CL;
Clair de Rosé;Bouteille;75;Rosé Les Jamelles (Clair de Rosé);vin_rose;Rosé Les Jamelles 75cl;ROSE GRENACHE JAMELLES 75 CL (Clair de Rosé);
Cognac (4cl);Verre;4;Cognac;eau_de_vie;Cognac 70cl;COGNAC PARK 70 CL;
Crémant;Verre;10;Crémant du Jura;petillant;Crémant du Jura 75cl;CREMANT DU JURA 75 CL (Arbois);
Crémant Rosé;Bouteille;75;Crémant du Jura;petillant;Crémant du Jura 75cl;CREMANT DU JURA 75 CL (Arbois);
Crémant du Jura;Bouteille;75;Crémant du Jura;petillant;Crémant du Jura 75cl;CREMANT DU JURA 75 CL (Arbois);
Crément / Jura VERRE;Verre;10;Crémant du Jura;petillant;Crémant du Jura 75cl;CREMANT DU JURA 75 CL (Arbois);
Crément du Jura;Bouteille;75;Crémant du Jura;petillant;Crémant du Jura 75cl;CREMANT DU JURA 75 CL (Arbois);
DOMAINE LE PIVE;Bouteille;75;Rosé Le Pive;vin_rose;Rosé Le Pive 75cl;ROSE DOM LE PIVE 75 CL;
Eau de Vie de Poire;Verre;4;Eau de Vie de Poire;eau_de_vie;Eau de Vie de Poire 70cl;EAU DE VIE DE POIRE 70 CL;
Eau de vie Framboise;Verre;4;Eau de Vie Framboise;eau_de_vie;Eau de Vie Framboise 70cl;EAU DE VIE FRAMBOISE 70 CL;
Eau de vie Mirabelle;Verre;4;Eau de Vie Mirabelle;eau_de_vie;Eau de Vie Mirabelle 70cl;EAU DE VIE MIRABELLE 70 CL;
GASCOGNE Gd PAVOIS;Bouteille;75;Grand Pavois;vin_blanc;Grand Pavois 75cl;GRAND PAVOIS N°8 BLANC 75 CL;
GRAND MARNIER;Verre;4;Grand Marnier;liqueur;Grand Marnier 70cl;GRAND MARNIER CORDON ROUGE 70 CL 40°;
Get 27 (4cl);Verre;4;Get 27;liqueur;Get 27 70cl;GET 27 70 CL;
Get 31;Verre;4;Get 31;liqueur;Get 31 70cl;GET 31 70 CL;
Gewurztraminer Le ve;Verre;15;Gewurztraminer;vin_blanc;Gewurztraminer 75cl;GEWURZTRAMINER 75 CL (Les Sorcières);
Grand Marnier;Verre;4;Grand Marnier;liqueur;Grand Marnier 70cl;GRAND MARNIER CORDON ROUGE 70 CL 40°;
Guignolet;Verre;4;Guignolet;liqueur;Liqueur de Cerise 70cl;LIQUEUR DE CERISE 70 CL;Guignolet (cerise) rattaché à Liqueur de Cerise - 1 unité
Génépi;Verre;4;Génépi;liqueur;Génépi 70cl;GENEPI 70 CL;
H.C.B BEAUNE BTL;Bouteille;75;Hautes Côtes de Beaune rouge;vin_rouge;Hautes Côtes de Beaune 75cl;HTES COTES DE BEAUNE RGE 75 CL (Domaine Germain);
H.C.BEAUNE BOUTEILLE;Bouteille;75;Hautes Côtes de Beaune rouge;vin_rouge;Hautes Côtes de Beaune 75cl;HTES COTES DE BEAUNE RGE 75 CL (Domaine Germain);
H.C.DE BEAUNE  VERRE;Verre;15;Hautes Côtes de Beaune rouge;vin_rouge;Hautes Côtes de Beaune 75cl;HTES COTES DE BEAUNE RGE 75 CL (Domaine Germain);
H.COTES DE NUITS;Bouteille;75;Hautes Côtes de Nuits blanc;vin_blanc;—;HTES CTES DE NUITS BLANC 75 CL (Lupé Cholet);ABSENT de l'inventaire (présent en facture) - distinct de Beaune
Jack Daniel's;Verre;4;Jack Daniel's;spiritueux;Jack Daniel's 70cl;JACK DANIEL'S 70 CL;
LA COTE ROUGE;Bouteille;75;Bordeaux Supérieur;vin_rouge;Bordeaux Supérieur 75cl;BORDEAUX SUPERIEUR 75 CL (Château Grand Renom);Libellé caisse 'Mouton Cadet' = Bordeaux Supérieur (confirmé)
Liqueur de Poire;Verre;4;Liqueur de Poire;liqueur;Liqueur de Poire 70cl;LIQUEUR DE POIRE WILLIAM 70 CL;
Liqueur de Sapin;Verre;4;Liqueur de Sapin;liqueur;Liqueur de Sapin 70cl;LIQUEUR DE SAPIN 70 CL;
MACON VERRE;Verre;15;Macon;vin_blanc;Macon 75cl;MACON 75 CL;
MACON bouteille;Bouteille;75;Macon;vin_blanc;Macon 75cl;MACON 75 CL;
MIRAVAL;Bouteille;75;Miraval Rosé;vin_rose;—;MIRAVAL ROSE 75 CL CÔTES DE PROVENCE AOP;ABSENT de l'inventaire (présent en facture)
Macvin du Jura;Verre;6;Macvin;vin_de_liqueur;Macvin 75cl;MACVIN BLANC 75 CL (Domaine Rolet);
Marc du Jura (4cl);Verre;4;Marc du Jura;eau_de_vie;Marc du Jura 70cl;MARC DU JURA 70 CL (Tissot);
Martini Blanc;Verre;6;Martini Blanc;aperitif;Martini Blanc 100cl;MARTINI BIANCO 100 CL;
Mminuty;Bouteille;75;Côtes de Provence Rosé Minuty;vin_rose;Côtes de Provence Rosé Minuty 75cl;COTES DE PROVENCE ROSE 75 CL (M de Minuty);
Monaco;Monaco 25cl;25;Fût Affligem;biere;Fût Affligem 8L;FUT AFFLIGEM BLADE 8 L 6,7°;Pression/pinte/panaché/picon/monaco
PICHET ALIGOTE 50cL;Pichet 50cl;50;Bourgogne Aligoté maison;vin_blanc;Bourgogne Aligoté BIB 10L;BIB BOURGOGNE ALIGOTE 10 L;Vin maison blanc au verre/pichet
PICHET C.DE BEAUNE B;Pichet 50cl;50;Hautes Côtes de Beaune blanc;vin_blanc;Haute Côte de Beaune 75cl;HTES COTES DE BEAUNE BLC 75 CL (Domaine Germain);
PICHET C.DE BEAUNE R;Pichet 50cl;50;Hautes Côtes de Beaune rouge;vin_rouge;Hautes Côtes de Beaune 75cl;HTES COTES DE BEAUNE RGE 75 CL (Domaine Germain);
PICHET GEWURZTRAMINE;Pichet 50cl;50;Gewurztraminer;vin_blanc;Gewurztraminer 75cl;GEWURZTRAMINER 75 CL (Les Sorcières);
PICHET HCB;Pichet 50cl;50;Hautes Côtes de Beaune rouge;vin_rouge;Hautes Côtes de Beaune 75cl;HTES COTES DE BEAUNE RGE 75 CL (Domaine Germain);
PICHET MACON;Pichet 50cl;50;Macon;vin_blanc;Macon 75cl;MACON 75 CL;
PICHET MOULIN A VENT;Pichet 50cl;50;Moulin à Vent;vin_rouge;Moulin à Vent 75cl;MOULIN A VENT 75 CL;
PICHET ROSE;Pichet 50cl;50;Côtes de Provence rosé maison (Cap des Pins);vin_rose;Côtes de Provence Rosé BIB 10L;BIB COTES DE PROV ROSE 10 L (Cap des Pins);Vin maison rosé au verre/pichet
PICHET SAINT VERAN;Pichet 50cl;50;Saint Véran;vin_blanc;Saint Véran 75cl;SAINT VERAN 75 CL (Lupé Cholet);
PICHET SAVAGNIN;Pichet 50cl;50;Arbois Savagnin;vin_blanc;Arbois Savagnin 75cl;ARBOIS SAVAGNIN 75 CL;Servi aussi en pichet 50cl (depuis bouteille 75cl)
Panaché;Panaché 25cl;25;Fût Affligem;biere;Fût Affligem 8L;FUT AFFLIGEM BLADE 8 L 6,7°;Pression/pinte/panaché/picon/monaco
Pastis;Verre;2;Pastis 51;aperitif;Pastis 51 100cl;PASTIS 51 100 CL;
PiCHET TROUSSEAU;Pichet 50cl;50;Arbois Trousseau;vin_rouge;Arbois Trousseau 75cl;ARBOIS TROUSSEAU 75 CL (J-L Tissot);
Pichet 50cl vin;Pichet 50cl;50;Cubis de vin (couleur non précisée);vin;—;—;Couleur non récupérable en caisse - rapprochement manuel inventaire/factures
Pichet 75cl vin;Pichet 75cl;75;Cubis de vin (couleur non précisée);vin;—;—;Couleur non récupérable en caisse - rapprochement manuel inventaire/factures
Pichet CHUSLAN;Pichet 50cl;50;Côtes du Rhône rouge maison (Chusclan);vin_rouge;Côtes du Rhône Rouge BIB 10L;BIB COTES DU RHONE ROUGE 10 L (Chusclan);Vin maison rouge au verre/pichet
Pichet CdR CHUSCLAN;Pichet 50cl;50;Côtes du Rhône rouge maison (Chusclan);vin_rouge;Côtes du Rhône Rouge BIB 10L;BIB COTES DU RHONE ROUGE 10 L (Chusclan);Vin maison rouge au verre/pichet
Pichet Chablis;Pichet 50cl;50;Chablis;vin_blanc;Chablis 75cl;CHABLIS 75 CL;
Picon bière;Demi+Picon 25cl;25;Fût Affligem;biere;Fût Affligem 8L;FUT AFFLIGEM BLADE 8 L 6,7°;Pression/pinte/panaché/picon/monaco
Pinte;Pinte 50cl;50;Fût Affligem;biere;Fût Affligem 8L;FUT AFFLIGEM BLADE 8 L 6,7°;Pression/pinte/panaché/picon/monaco
Pinte Picon;Pinte+Picon 50cl;50;Fût Affligem;biere;Fût Affligem 8L;FUT AFFLIGEM BLADE 8 L 6,7°;Pression/pinte/panaché/picon/monaco
Pontarlier;Verre;2;Pontarlier Anis;aperitif;Pontarlier Anis 100cl;PONTARLIER ANIS 100 CL;
Porto;Verre;6;Porto;aperitif;Porto 75cl;PORTO SANDEMAN ROUGE 75 CL;
Ricard;Verre;2;Ricard;aperitif;Ricard 100cl;RICARD 100 CL;
Saint Véran;Bouteille;75;Saint Véran;vin_blanc;Saint Véran 75cl;SAINT VERAN 75 CL (Lupé Cholet);
Saint Véran Verre;Verre;15;Saint Véran;vin_blanc;Saint Véran 75cl;SAINT VERAN 75 CL (Lupé Cholet);
Savagnin verre;Verre;15;Arbois Savagnin;vin_blanc;Arbois Savagnin 75cl;ARBOIS SAVAGNIN 75 CL;Servi aussi en pichet 50cl (depuis bouteille 75cl)
TEQUILA;Verre;4;Tequila Camino Real;spiritueux;—;TEQUILA CAMINO REAL 70 CL 35°;ABSENT de l'inventaire (présent en facture)
VERRE CHUSCLAN;Verre;15;Côtes du Rhône rouge maison (Chusclan);vin_rouge;Côtes du Rhône Rouge BIB 10L;BIB COTES DU RHONE ROUGE 10 L (Chusclan);Vin maison rouge au verre/pichet
VERRE H.C.DE BEAUNE;Verre;15;Hautes Côtes de Beaune rouge;vin_rouge;Hautes Côtes de Beaune 75cl;HTES COTES DE BEAUNE RGE 75 CL (Domaine Germain);
VERRE ROSE;Verre;15;Côtes de Provence rosé maison (Cap des Pins);vin_rose;Côtes de Provence Rosé BIB 10L;BIB COTES DE PROV ROSE 10 L (Cap des Pins);Vin maison rosé au verre/pichet
VERRE ROSE/PICHET C.DE BEAUNE R;Verre;15;Côtes de Provence rosé maison (Cap des Pins);vin_rose;Côtes de Provence Rosé BIB 10L;BIB COTES DE PROV ROSE 10 L (Cap des Pins);Vin maison rosé au verre/pichet
VIN PAILLE;Verre;6;Vin de Paille;vin;Vin de Paille 37,5cl;VIN DE PAILLE 37,5 CL;
Verre ALIGOTE;Verre;15;Bourgogne Aligoté maison;vin_blanc;Bourgogne Aligoté BIB 10L;BIB BOURGOGNE ALIGOTE 10 L;Vin maison blanc au verre/pichet
Verre CHUSCLAN;Verre;15;Côtes du Rhône rouge maison (Chusclan);vin_rouge;Côtes du Rhône Rouge BIB 10L;BIB COTES DU RHONE ROUGE 10 L (Chusclan);Vin maison rouge au verre/pichet
Verre Rosé;Verre;15;Côtes de Provence rosé maison (Cap des Pins);vin_rose;Côtes de Provence Rosé BIB 10L;BIB COTES DE PROV ROSE 10 L (Cap des Pins);Vin maison rosé au verre/pichet
Verre de vin;Verre;15;Cubis de vin (couleur non précisée);vin;—;—;Couleur non récupérable en caisse - rapprochement manuel inventaire/factures
Vieux Marc Bourgogne;Verre;4;Marc de Bourgogne;eau_de_vie;Marc de Bourgogne 70cl;MARC DE BOURGOGNE 70 CL;
Vin de Paille;Verre;6;Vin de Paille;vin;Vin de Paille 37,5cl;VIN DE PAILLE 37,5 CL;
Vin jaune;Verre;12;Arbois Vin Jaune;vin;Arbois Vin Jaune 62cl;ARBOIS VIN JAUNE 62 CL (J-L Tissot);
Whisky L.J (2cl) Bab;Verre;2;Clan Campbell;spiritueux;Clan Campbell 70cl;CLAN CAMPBELL 70 CL 40°;"Libellé caisse 'Whisky L.J / Long John' ; SEUL whisky acheté = Clan Campbell"
Whisky L.J (4cl);Verre;4;Clan Campbell;spiritueux;Clan Campbell 70cl;CLAN CAMPBELL 70 CL 40°;"Libellé caisse 'Whisky L.J / Long John' ; SEUL whisky acheté = Clan Campbell"
cidre la Mordue;Bouteille 27cl;27;Cidre La Mordue;cidre;Cidre La Mordue 27cl;CIDRE LA MORDUE 27 CL;
pichet Saint Joseph;Pichet 50cl;50;Saint Joseph Rouge;vin_rouge;Saint Joseph Rouge 75cl;SAINT JOSEPH ROUGE 75 CL (Ogier);
pression;Pression 25cl;25;Fût Affligem;biere;Fût Affligem 8L;FUT AFFLIGEM BLADE 8 L 6,7°;Pression/pinte/panaché/picon/monaco
