exercice;periode_menu;date;heure;no_ticket;no_z;id_ticket;ref_produit;menu;quantite;prix_unitaire_ttc;prix_catalogue_attendus;prix_nominal_periode;ecart_vs_nominal;montant_ligne_ttc;statut;motif
2022-2023;C (29/03/2021-23/07/2022);2022-04-21;12:59;17;2944;46867;0196;Menu 'Demi Lune';2.0;15.2;45.0;45.0;-29.8;30.4;PRIX PERSONNALISE;Prix ne correspond a aucun prix catalogue connu du menu -> facture sans detail -> exclu du calcul alcool
2022-2023;C (29/03/2021-23/07/2022);2022-04-21;19:19;23;2944;46880;0196;Menu 'Demi Lune';1.0;49.2;45.0;45.0;4.2;49.2;PRIX PERSONNALISE;Prix ne correspond a aucun prix catalogue connu du menu -> facture sans detail -> exclu du calcul alcool
2022-2023;C (29/03/2021-23/07/2022);2022-04-28;20:28;30;2949;47068;0196;Menu 'Demi Lune';1.0;31.7;45.0;45.0;-13.3;31.7;PRIX PERSONNALISE;Prix ne correspond a aucun prix catalogue connu du menu -> facture sans detail -> exclu du calcul alcool
2022-2023;C (29/03/2021-23/07/2022);2022-05-04;19:46;16;2952;47169;0196;Menu 'Demi Lune';1.0;47.1;45.0;45.0;2.1;47.1;PRIX PERSONNALISE;Prix ne correspond a aucun prix catalogue connu du menu -> facture sans detail -> exclu du calcul alcool
2022-2023;C (29/03/2021-23/07/2022);2022-05-04;19:47;17;2952;47170;0196;Menu 'Demi Lune';1.0;30.0;45.0;45.0;-15.0;30.0;PRIX PERSONNALISE;Prix ne correspond a aucun prix catalogue connu du menu -> facture sans detail -> exclu du calcul alcool
2022-2023;C (29/03/2021-23/07/2022);2022-05-06;11:51;5;2954;47208;0196;Menu 'Demi Lune';2.0;27.2;45.0;45.0;-17.8;54.4;PRIX PERSONNALISE;Prix ne correspond a aucun prix catalogue connu du menu -> facture sans detail -> exclu du calcul alcool
2022-2023;C (29/03/2021-23/07/2022);2022-05-06;12:13;8;2954;47218;0196;Menu 'Demi Lune';1.0;40.9;45.0;45.0;-4.1;40.9;PRIX PERSONNALISE;Prix ne correspond a aucun prix catalogue connu du menu -> facture sans detail -> exclu du calcul alcool
2022-2023;C (29/03/2021-23/07/2022);2022-05-06;12:14;9;2954;47219;0196;Menu 'Demi Lune';1.0;20.0;45.0;45.0;-25.0;20.0;PRIX PERSONNALISE;Prix ne correspond a aucun prix catalogue connu du menu -> facture sans detail -> exclu du calcul alcool
2022-2023;C (29/03/2021-23/07/2022);2022-06-12;18:52;17;2982;48313;0196;Menu 'Demi Lune';2.0;32.65;45.0;45.0;-12.35;65.3;PRIX PERSONNALISE;Prix ne correspond a aucun prix catalogue connu du menu -> facture sans detail -> exclu du calcul alcool
2022-2023;C (29/03/2021-23/07/2022);2022-06-29;19:51;26;2993;48729;2036;Menu Bourguignon;1.0;24.0;32.0/34.0;32.0;-8.0;24.0;PRIX PERSONNALISE;Prix ne correspond a aucun prix catalogue connu du menu -> facture sans detail -> exclu du calcul alcool
2022-2023;C (29/03/2021-23/07/2022);2022-07-08;09:38;1;3000;48971;0196;Menu 'Demi Lune';2.0;85.0;45.0;45.0;40.0;170.0;PRIX PERSONNALISE;Prix ne correspond a aucun prix catalogue connu du menu -> facture sans detail -> exclu du calcul alcool
2022-2023;C (29/03/2021-23/07/2022);2022-07-09;12:16;8;3001;49017;0196;Menu 'Demi Lune';4.0;35.25;45.0;45.0;-9.75;141.0;PRIX PERSONNALISE;Prix ne correspond a aucun prix catalogue connu du menu -> facture sans detail -> exclu du calcul alcool
2022-2023;C (29/03/2021-23/07/2022);2022-07-12;12:02;9;3003;49146;0196;Menu 'Demi Lune';5.0;37.42;45.0;45.0;-7.58;187.1;PRIX PERSONNALISE;Prix ne correspond a aucun prix catalogue connu du menu -> facture sans detail -> exclu du calcul alcool
2022-2023;C (29/03/2021-23/07/2022);2022-07-20;12:38;8;3010;49446;0196;Menu 'Demi Lune';1.0;39.8;45.0;45.0;-5.2;39.8;PRIX PERSONNALISE;Prix ne correspond a aucun prix catalogue connu du menu -> facture sans detail -> exclu du calcul alcool
2022-2023;C (29/03/2021-23/07/2022);2022-07-21;12:03;8;3011;49472;0196;Menu 'Demi Lune';2.0;38.3;45.0;45.0;-6.7;76.6;PRIX PERSONNALISE;Prix ne correspond a aucun prix catalogue connu du menu -> facture sans detail -> exclu du calcul alcool
2022-2023;C (29/03/2021-23/07/2022);2022-07-21;13:16;17;3011;49478;0196;Menu 'Demi Lune';2.0;20.0;45.0;45.0;-25.0;40.0;PRIX PERSONNALISE;Prix ne correspond a aucun prix catalogue connu du menu -> facture sans detail -> exclu du calcul alcool
2022-2023;B (23/07/2022-17/04/2023);2022-07-29;13:02;16;3018;49767;0196;Menu 'Demi Lune';2.0;54.1;45.0;45.0;9.1;108.2;PRIX PERSONNALISE;Prix ne correspond a aucun prix catalogue connu du menu -> facture sans detail -> exclu du calcul alcool
2022-2023;B (23/07/2022-17/04/2023);2022-08-03;11:02;1;3022;49928;0196;Menu 'Demi Lune';1.0;15.9;45.0;45.0;-29.1;15.9;PRIX PERSONNALISE;Prix ne correspond a aucun prix catalogue connu du menu -> facture sans detail -> exclu du calcul alcool
2022-2023;B (23/07/2022-17/04/2023);2022-08-09;12:14;11;3027;50145;0196;Menu 'Demi Lune';2.0;22.8;45.0;45.0;-22.2;45.6;PRIX PERSONNALISE;Prix ne correspond a aucun prix catalogue connu du menu -> facture sans detail -> exclu du calcul alcool
2022-2023;B (23/07/2022-17/04/2023);2022-08-17;11:52;3;3034;50432;0196;Menu 'Demi Lune';1.0;32.6;45.0;45.0;-12.4;32.6;PRIX PERSONNALISE;Prix ne correspond a aucun prix catalogue connu du menu -> facture sans detail -> exclu du calcul alcool
2022-2023;B (23/07/2022-17/04/2023);2022-08-19;11:33;1;3036;50508;1930;Menu du Dahu;2.0;34.9;29.9;29.9;5.0;69.8;PRIX PERSONNALISE;Prix ne correspond a aucun prix catalogue connu du menu -> facture sans detail -> exclu du calcul alcool
2022-2023;B (23/07/2022-17/04/2023);2022-08-25;12:02;6;3040;50675;0196;Menu 'Demi Lune';2.0;21.9;45.0;45.0;-23.1;43.8;PRIX PERSONNALISE;Prix ne correspond a aucun prix catalogue connu du menu -> facture sans detail -> exclu du calcul alcool
2022-2023;B (23/07/2022-17/04/2023);2022-09-09;12:08;3;3052;51162;0196;Menu 'Demi Lune';2.0;38.45;45.0;45.0;-6.55;76.9;PRIX PERSONNALISE;Prix ne correspond a aucun prix catalogue connu du menu -> facture sans detail -> exclu du calcul alcool
2022-2023;B (23/07/2022-17/04/2023);2022-09-09;12:23;8;3052;51158;0196;Menu 'Demi Lune';4.0;51.75;45.0;45.0;6.75;207.0;PRIX PERSONNALISE;Prix ne correspond a aucun prix catalogue connu du menu -> facture sans detail -> exclu du calcul alcool
2022-2023;B (23/07/2022-17/04/2023);2022-10-13;12:14;3;3076;51968;0196;Menu 'Demi Lune';6.0;31.05;45.0;45.0;-13.95;186.3;PRIX PERSONNALISE;Prix ne correspond a aucun prix catalogue connu du menu -> facture sans detail -> exclu du calcul alcool
2022-2023;B (23/07/2022-17/04/2023);2022-10-29;19:35;22;3088;52328;0196;Menu 'Demi Lune';2.0;50.0;45.0;45.0;5.0;100.0;PRIX PERSONNALISE;Prix ne correspond a aucun prix catalogue connu du menu -> facture sans detail -> exclu du calcul alcool
2022-2023;B (23/07/2022-17/04/2023);2022-11-03;19:23;21;3091;52502;0196;Menu 'Demi Lune';2.0;50.0;45.0;45.0;5.0;100.0;PRIX PERSONNALISE;Prix ne correspond a aucun prix catalogue connu du menu -> facture sans detail -> exclu du calcul alcool
2022-2023;B (23/07/2022-17/04/2023);2022-11-16;12:55;10;3100;52729;1930;Menu du Dahu;1.0;38.9;29.9;29.9;9.0;38.9;PRIX PERSONNALISE;Prix ne correspond a aucun prix catalogue connu du menu -> facture sans detail -> exclu du calcul alcool
2022-2023;B (23/07/2022-17/04/2023);2022-11-16;12:56;11;3100;52722;1930;Menu du Dahu;1.0;38.9;29.9;29.9;9.0;38.9;PRIX PERSONNALISE;Prix ne correspond a aucun prix catalogue connu du menu -> facture sans detail -> exclu du calcul alcool
2022-2023;B (23/07/2022-17/04/2023);2022-12-15;16:55;8;3116;53031;0196;Menu 'Demi Lune';2.0;50.0;45.0;45.0;5.0;100.0;PRIX PERSONNALISE;Prix ne correspond a aucun prix catalogue connu du menu -> facture sans detail -> exclu du calcul alcool
2022-2023;B (23/07/2022-17/04/2023);2023-01-05;12:22;5;3128;53274;0196;Menu 'Demi Lune';2.0;41.1;45.0;45.0;-3.9;82.2;PRIX PERSONNALISE;Prix ne correspond a aucun prix catalogue connu du menu -> facture sans detail -> exclu du calcul alcool
2022-2023;B (23/07/2022-17/04/2023);2023-01-05;12:24;7;3128;53273;0196;Menu 'Demi Lune';2.0;39.2;45.0;45.0;-5.8;78.4;PRIX PERSONNALISE;Prix ne correspond a aucun prix catalogue connu du menu -> facture sans detail -> exclu du calcul alcool
2022-2023;B (23/07/2022-17/04/2023);2023-02-26;12:56;10;3135;53428;0196;Menu 'Demi Lune';2.0;42.2;45.0;45.0;-2.8;84.4;PRIX PERSONNALISE;Prix ne correspond a aucun prix catalogue connu du menu -> facture sans detail -> exclu du calcul alcool
2022-2023;B (23/07/2022-17/04/2023);2023-03-12;12:19;5;3145;53639;2037;Menu Franc-Comtois;1.0;0.0;32.0/34.0;34.0;-34.0;0.0;PRIX PERSONNALISE;Prix ne correspond a aucun prix catalogue connu du menu -> facture sans detail -> exclu du calcul alcool
2022-2023;B (23/07/2022-17/04/2023);2023-03-15;20:09;5;3146;53657;0196;Menu 'Demi Lune';1.0;50.0;45.0;45.0;5.0;50.0;PRIX PERSONNALISE;Prix ne correspond a aucun prix catalogue connu du menu -> facture sans detail -> exclu du calcul alcool
2022-2023;B (23/07/2022-17/04/2023);2023-03-22;20:37;12;3151;53757;0196;Menu 'Demi Lune';2.0;64.0;45.0;45.0;19.0;128.0;PRIX PERSONNALISE;Prix ne correspond a aucun prix catalogue connu du menu -> facture sans detail -> exclu du calcul alcool
2022-2023;B (23/07/2022-17/04/2023);2023-03-22;20:37;12;3151;53757;0196;Menu 'Demi Lune';1.0;66.3;45.0;45.0;21.3;66.3;PRIX PERSONNALISE;Prix ne correspond a aucun prix catalogue connu du menu -> facture sans detail -> exclu du calcul alcool
2023-2024;B (23/07/2022-17/04/2023);2023-04-16;19:27;13;3170;54186;0196;Menu 'Demi Lune';1.0;25.0;45.0;45.0;-20.0;25.0;PRIX PERSONNALISE;Prix ne correspond a aucun prix catalogue connu du menu -> facture sans detail -> exclu du calcul alcool
2023-2024;A (17/04/2023-17/07/2025);2023-04-22;20:38;17;3174;54304;0196;Menu 'Demi Lune';4.0;42.5;45.0;45.0;-2.5;170.0;PRIX PERSONNALISE;Prix ne correspond a aucun prix catalogue connu du menu -> facture sans detail -> exclu du calcul alcool
2023-2024;A (17/04/2023-17/07/2025);2023-05-04;19:43;18;3182;54517;0196;Menu 'Demi Lune';1.0;20.0;45.0;45.0;-25.0;20.0;PRIX PERSONNALISE;Prix ne correspond a aucun prix catalogue connu du menu -> facture sans detail -> exclu du calcul alcool
2023-2024;A (17/04/2023-17/07/2025);2023-05-04;19:43;19;3182;54516;0196;Menu 'Demi Lune';1.0;20.0;45.0;45.0;-25.0;20.0;PRIX PERSONNALISE;Prix ne correspond a aucun prix catalogue connu du menu -> facture sans detail -> exclu du calcul alcool
2023-2024;A (17/04/2023-17/07/2025);2023-05-04;19:45;20;3182;54519;0196;Menu 'Demi Lune';1.0;19.35;45.0;45.0;-25.65;19.35;PRIX PERSONNALISE;Prix ne correspond a aucun prix catalogue connu du menu -> facture sans detail -> exclu du calcul alcool
2023-2024;A (17/04/2023-17/07/2025);2023-05-04;19:45;21;3182;54507;0196;Menu 'Demi Lune';1.0;19.35;45.0;45.0;-25.65;19.35;PRIX PERSONNALISE;Prix ne correspond a aucun prix catalogue connu du menu -> facture sans detail -> exclu du calcul alcool
2023-2024;A (17/04/2023-17/07/2025);2023-05-10;18:56;12;3186;54632;0196;Menu 'Demi Lune';1.0;38.0;45.0;45.0;-7.0;38.0;PRIX PERSONNALISE;Prix ne correspond a aucun prix catalogue connu du menu -> facture sans detail -> exclu du calcul alcool
2023-2024;A (17/04/2023-17/07/2025);2023-05-11;12:49;14;3187;54649;0196;Menu 'Demi Lune';3.0;32.7;45.0;45.0;-12.3;98.1;PRIX PERSONNALISE;Prix ne correspond a aucun prix catalogue connu du menu -> facture sans detail -> exclu du calcul alcool
2023-2024;A (17/04/2023-17/07/2025);2023-05-11;12:51;15;3187;54656;2037;Menu Franc-Comtois;7.0;25.2;32.0/34.0;34.0;-8.8;176.4;PRIX PERSONNALISE;Prix ne correspond a aucun prix catalogue connu du menu -> facture sans detail -> exclu du calcul alcool
2023-2024;A (17/04/2023-17/07/2025);2023-05-12;11:57;1;3188;54678;0196;Menu 'Demi Lune';2.0;45.05;45.0;45.0;0.05;90.1;PRIX PERSONNALISE;Prix ne correspond a aucun prix catalogue connu du menu -> facture sans detail -> exclu du calcul alcool
2023-2024;A (17/04/2023-17/07/2025);2023-05-24;19:06;15;3196;55012;0196;Menu 'Demi Lune';1.0;25.0;45.0;45.0;-20.0;25.0;PRIX PERSONNALISE;Prix ne correspond a aucun prix catalogue connu du menu -> facture sans detail -> exclu du calcul alcool
2023-2024;A (17/04/2023-17/07/2025);2023-05-24;20:02;23;3196;55004;1930;Menu du Dahu;1.0;29.4;29.9;29.9;-0.5;29.4;PRIX PERSONNALISE;Prix ne correspond a aucun prix catalogue connu du menu -> facture sans detail -> exclu du calcul alcool
2023-2024;A (17/04/2023-17/07/2025);2023-05-26;12:54;10;3198;55066;0196;Menu 'Demi Lune';2.0;32.4;45.0;45.0;-12.6;64.8;PRIX PERSONNALISE;Prix ne correspond a aucun prix catalogue connu du menu -> facture sans detail -> exclu du calcul alcool
2023-2024;A (17/04/2023-17/07/2025);2023-05-31;19:48;21;3201;55213;0196;Menu 'Demi Lune';1.0;30.36;45.0;45.0;-14.64;30.36;PRIX PERSONNALISE;Prix ne correspond a aucun prix catalogue connu du menu -> facture sans detail -> exclu du calcul alcool
2023-2024;A (17/04/2023-17/07/2025);2023-05-31;19:48;22;3201;55216;0196;Menu 'Demi Lune';1.0;30.36;45.0;45.0;-14.64;30.36;PRIX PERSONNALISE;Prix ne correspond a aucun prix catalogue connu du menu -> facture sans detail -> exclu du calcul alcool
2023-2024;A (17/04/2023-17/07/2025);2023-05-31;19:49;23;3201;55217;0196;Menu 'Demi Lune';1.0;30.36;45.0;45.0;-14.64;30.36;PRIX PERSONNALISE;Prix ne correspond a aucun prix catalogue connu du menu -> facture sans detail -> exclu du calcul alcool
2023-2024;A (17/04/2023-17/07/2025);2023-05-31;19:49;24;3201;55218;0196;Menu 'Demi Lune';1.0;30.36;45.0;45.0;-14.64;30.36;PRIX PERSONNALISE;Prix ne correspond a aucun prix catalogue connu du menu -> facture sans detail -> exclu du calcul alcool
2023-2024;A (17/04/2023-17/07/2025);2023-06-07;20:43;27;3206;55411;2037;Menu Franc-Comtois;1.0;39.5;32.0/34.0;34.0;5.5;39.5;PRIX PERSONNALISE;Prix ne correspond a aucun prix catalogue connu du menu -> facture sans detail -> exclu du calcul alcool
2023-2024;A (17/04/2023-17/07/2025);2023-06-23;12:22;9;3218;55783;1928;Menu Végétarien;1.0;27.9;23.0/25.0/26.5;26.5;1.4;27.9;PRIX PERSONNALISE;Prix ne correspond a aucun prix catalogue connu du menu -> facture sans detail -> exclu du calcul alcool
2023-2024;A (17/04/2023-17/07/2025);2023-07-07;12:09;9;3228;56196;0196;Menu 'Demi Lune';1.0;35.15;45.0;45.0;-9.85;35.15;PRIX PERSONNALISE;Prix ne correspond a aucun prix catalogue connu du menu -> facture sans detail -> exclu du calcul alcool
2023-2024;A (17/04/2023-17/07/2025);2023-07-07;12:10;10;3228;56200;0196;Menu 'Demi Lune';1.0;35.15;45.0;45.0;-9.85;35.15;PRIX PERSONNALISE;Prix ne correspond a aucun prix catalogue connu du menu -> facture sans detail -> exclu du calcul alcool
2023-2024;A (17/04/2023-17/07/2025);2023-07-12;19:42;21;3231;56334;0196;Menu 'Demi Lune';2.0;37.3;45.0;45.0;-7.7;74.6;PRIX PERSONNALISE;Prix ne correspond a aucun prix catalogue connu du menu -> facture sans detail -> exclu du calcul alcool
2023-2024;A (17/04/2023-17/07/2025);2023-07-21;12:22;3;3238;56588;0196;Menu 'Demi Lune';1.0;52.0;45.0;45.0;7.0;52.0;PRIX PERSONNALISE;Prix ne correspond a aucun prix catalogue connu du menu -> facture sans detail -> exclu du calcul alcool
2023-2024;A (17/04/2023-17/07/2025);2023-07-27;13:26;22;3242;56802;0196;Menu 'Demi Lune';4.0;50.95;45.0;45.0;5.95;203.8;PRIX PERSONNALISE;Prix ne correspond a aucun prix catalogue connu du menu -> facture sans detail -> exclu du calcul alcool
2023-2024;A (17/04/2023-17/07/2025);2023-08-02;18:47;15;3246;56979;0196;Menu 'Demi Lune';2.0;35.8;45.0;45.0;-9.2;71.6;PRIX PERSONNALISE;Prix ne correspond a aucun prix catalogue connu du menu -> facture sans detail -> exclu du calcul alcool
2023-2024;A (17/04/2023-17/07/2025);2023-08-03;19:03;27;3247;57024;0196;Menu 'Demi Lune';1.0;27.0;45.0;45.0;-18.0;27.0;PRIX PERSONNALISE;Prix ne correspond a aucun prix catalogue connu du menu -> facture sans detail -> exclu du calcul alcool
2023-2024;A (17/04/2023-17/07/2025);2023-08-03;19:03;28;3247;57039;0196;Menu 'Demi Lune';1.0;27.0;45.0;45.0;-18.0;27.0;PRIX PERSONNALISE;Prix ne correspond a aucun prix catalogue connu du menu -> facture sans detail -> exclu du calcul alcool
2023-2024;A (17/04/2023-17/07/2025);2023-08-17;11:45;1;3257;57421;0196;Menu 'Demi Lune';2.0;30.0;45.0;45.0;-15.0;60.0;PRIX PERSONNALISE;Prix ne correspond a aucun prix catalogue connu du menu -> facture sans detail -> exclu du calcul alcool
2023-2024;A (17/04/2023-17/07/2025);2023-09-02;19:54;22;3269;57911;2037;Menu Franc-Comtois;0.5;28.0;32.0/34.0;34.0;-6.0;14.0;PRIX PERSONNALISE;Prix ne correspond a aucun prix catalogue connu du menu -> facture sans detail -> exclu du calcul alcool
2023-2024;A (17/04/2023-17/07/2025);2023-09-07;19:55;25;3272;58027;0196;Menu 'Demi Lune';2.0;30.3;45.0;45.0;-14.7;60.6;PRIX PERSONNALISE;Prix ne correspond a aucun prix catalogue connu du menu -> facture sans detail -> exclu du calcul alcool
2023-2024;A (17/04/2023-17/07/2025);2023-09-07;20:11;27;3272;58031;0196;Menu 'Demi Lune';2.0;28.75;45.0;45.0;-16.25;57.5;PRIX PERSONNALISE;Prix ne correspond a aucun prix catalogue connu du menu -> facture sans detail -> exclu du calcul alcool
2023-2024;A (17/04/2023-17/07/2025);2023-09-14;11:59;8;3277;58215;2037;Menu Franc-Comtois;1.0;38.0;32.0/34.0;34.0;4.0;38.0;PRIX PERSONNALISE;Prix ne correspond a aucun prix catalogue connu du menu -> facture sans detail -> exclu du calcul alcool
2023-2024;A (17/04/2023-17/07/2025);2023-09-21;21:34;21;3282;58448;0196;Menu 'Demi Lune';1.0;39.2;45.0;45.0;-5.8;39.2;PRIX PERSONNALISE;Prix ne correspond a aucun prix catalogue connu du menu -> facture sans detail -> exclu du calcul alcool
2023-2024;A (17/04/2023-17/07/2025);2023-09-21;21:34;22;3282;58449;0196;Menu 'Demi Lune';1.0;39.2;45.0;45.0;-5.8;39.2;PRIX PERSONNALISE;Prix ne correspond a aucun prix catalogue connu du menu -> facture sans detail -> exclu du calcul alcool
2023-2024;A (17/04/2023-17/07/2025);2023-10-01;13:14;13;3290;58727;1930;Menu du Dahu;2.0;33.9;29.9;29.9;4.0;67.8;PRIX PERSONNALISE;Prix ne correspond a aucun prix catalogue connu du menu -> facture sans detail -> exclu du calcul alcool
2023-2024;A (17/04/2023-17/07/2025);2023-10-01;13:14;13;3290;58727;1928;Menu Végétarien;1.0;30.0;23.0/25.0/26.5;26.5;3.5;30.0;PRIX PERSONNALISE;Prix ne correspond a aucun prix catalogue connu du menu -> facture sans detail -> exclu du calcul alcool
2023-2024;A (17/04/2023-17/07/2025);2023-10-01;19:25;21;3290;58737;0196;Menu 'Demi Lune';1.0;27.0;45.0;45.0;-18.0;27.0;PRIX PERSONNALISE;Prix ne correspond a aucun prix catalogue connu du menu -> facture sans detail -> exclu du calcul alcool
2023-2024;A (17/04/2023-17/07/2025);2023-10-01;19:25;22;3290;58750;0196;Menu 'Demi Lune';1.0;51.6;45.0;45.0;6.6;51.6;PRIX PERSONNALISE;Prix ne correspond a aucun prix catalogue connu du menu -> facture sans detail -> exclu du calcul alcool
2023-2024;A (17/04/2023-17/07/2025);2023-10-08;20:21;26;3295;58928;0196;Menu 'Demi Lune';1.0;60.0;45.0;45.0;15.0;60.0;PRIX PERSONNALISE;Prix ne correspond a aucun prix catalogue connu du menu -> facture sans detail -> exclu du calcul alcool
2023-2024;A (17/04/2023-17/07/2025);2023-10-11;12:45;15;3296;58944;0196;Menu 'Demi Lune';2.0;64.4;45.0;45.0;19.4;128.8;PRIX PERSONNALISE;Prix ne correspond a aucun prix catalogue connu du menu -> facture sans detail -> exclu du calcul alcool
2023-2024;A (17/04/2023-17/07/2025);2023-10-19;20:22;17;3302;59176;2036;Menu Bourguignon;2.0;30.0;32.0/34.0;34.0;-4.0;60.0;PRIX PERSONNALISE;Prix ne correspond a aucun prix catalogue connu du menu -> facture sans detail -> exclu du calcul alcool
2023-2024;A (17/04/2023-17/07/2025);2023-10-19;20:22;17;3302;59176;2037;Menu Franc-Comtois;1.0;33.7;32.0/34.0;34.0;-0.3;33.7;PRIX PERSONNALISE;Prix ne correspond a aucun prix catalogue connu du menu -> facture sans detail -> exclu du calcul alcool
2023-2024;A (17/04/2023-17/07/2025);2023-11-03;20:08;27;3312;59467;0196;Menu 'Demi Lune';5.0;41.7;45.0;45.0;-3.3;208.5;PRIX PERSONNALISE;Prix ne correspond a aucun prix catalogue connu du menu -> facture sans detail -> exclu du calcul alcool
2023-2024;A (17/04/2023-17/07/2025);2023-11-15;11:49;3;3320;59629;0196;Menu 'Demi Lune';2.0;32.3;45.0;45.0;-12.7;64.6;PRIX PERSONNALISE;Prix ne correspond a aucun prix catalogue connu du menu -> facture sans detail -> exclu du calcul alcool
2023-2024;A (17/04/2023-17/07/2025);2023-11-15;20:27;14;3320;59644;0196;Menu 'Demi Lune';1.0;52.0;45.0;45.0;7.0;52.0;PRIX PERSONNALISE;Prix ne correspond a aucun prix catalogue connu du menu -> facture sans detail -> exclu du calcul alcool
2023-2024;A (17/04/2023-17/07/2025);2023-11-29;20:32;10;3328;59787;0196;Menu 'Demi Lune';7.0;35.4;45.0;45.0;-9.6;247.8;PRIX PERSONNALISE;Prix ne correspond a aucun prix catalogue connu du menu -> facture sans detail -> exclu du calcul alcool
2023-2024;A (17/04/2023-17/07/2025);2023-11-30;21:18;7;3329;59799;2037;Menu Franc-Comtois;1.0;32.3;32.0/34.0;34.0;-1.7;32.3;PRIX PERSONNALISE;Prix ne correspond a aucun prix catalogue connu du menu -> facture sans detail -> exclu du calcul alcool
2023-2024;A (17/04/2023-17/07/2025);2023-11-30;21:42;9;3329;59801;0196;Menu 'Demi Lune';3.0;37.8;45.0;45.0;-7.2;113.4;PRIX PERSONNALISE;Prix ne correspond a aucun prix catalogue connu du menu -> facture sans detail -> exclu du calcul alcool
2023-2024;A (17/04/2023-17/07/2025);2023-12-01;13:00;6;3330;59810;2037;Menu Franc-Comtois;6.0;30.7;32.0/34.0;34.0;-3.3;184.2;PRIX PERSONNALISE;Prix ne correspond a aucun prix catalogue connu du menu -> facture sans detail -> exclu du calcul alcool
2023-2024;A (17/04/2023-17/07/2025);2023-12-07;12:45;3;3334;59893;0196;Menu 'Demi Lune';5.0;32.38;45.0;45.0;-12.62;161.9;PRIX PERSONNALISE;Prix ne correspond a aucun prix catalogue connu du menu -> facture sans detail -> exclu du calcul alcool
2023-2024;A (17/04/2023-17/07/2025);2023-12-07;12:56;4;3334;59892;0196;Menu 'Demi Lune';2.0;45.4;45.0;45.0;0.4;90.8;PRIX PERSONNALISE;Prix ne correspond a aucun prix catalogue connu du menu -> facture sans detail -> exclu du calcul alcool
2023-2024;A (17/04/2023-17/07/2025);2023-12-08;19:34;5;3335;59912;0196;Menu 'Demi Lune';2.0;39.65;45.0;45.0;-5.35;79.3;PRIX PERSONNALISE;Prix ne correspond a aucun prix catalogue connu du menu -> facture sans detail -> exclu du calcul alcool
2023-2024;A (17/04/2023-17/07/2025);2023-12-08;20:29;10;3335;59910;1928;Menu Végétarien;1.0;22.6;23.0/25.0/26.5;26.5;-3.9;22.6;PRIX PERSONNALISE;Prix ne correspond a aucun prix catalogue connu du menu -> facture sans detail -> exclu du calcul alcool
2023-2024;A (17/04/2023-17/07/2025);2023-12-09;12:54;9;3336;59928;0196;Menu 'Demi Lune';4.0;90.0;45.0;45.0;45.0;360.0;PRIX PERSONNALISE;Prix ne correspond a aucun prix catalogue connu du menu -> facture sans detail -> exclu du calcul alcool
2023-2024;A (17/04/2023-17/07/2025);2023-12-13;12:43;6;3338;59966;0196;Menu 'Demi Lune';2.0;50.0;45.0;45.0;5.0;100.0;PRIX PERSONNALISE;Prix ne correspond a aucun prix catalogue connu du menu -> facture sans detail -> exclu du calcul alcool
2023-2024;A (17/04/2023-17/07/2025);2023-12-13;19:59;11;3338;59972;0196;Menu 'Demi Lune';2.0;45.05;45.0;45.0;0.05;90.1;PRIX PERSONNALISE;Prix ne correspond a aucun prix catalogue connu du menu -> facture sans detail -> exclu du calcul alcool
2023-2024;A (17/04/2023-17/07/2025);2023-12-13;19:59;11;3338;59972;2036;Menu Bourguignon;2.0;44.0;32.0/34.0;34.0;10.0;88.0;PRIX PERSONNALISE;Prix ne correspond a aucun prix catalogue connu du menu -> facture sans detail -> exclu du calcul alcool
2023-2024;A (17/04/2023-17/07/2025);2023-12-13;20:04;12;3338;59971;0196;Menu 'Demi Lune';2.0;51.15;45.0;45.0;6.15;102.3;PRIX PERSONNALISE;Prix ne correspond a aucun prix catalogue connu du menu -> facture sans detail -> exclu du calcul alcool
2023-2024;A (17/04/2023-17/07/2025);2023-12-14;12:19;1;3339;59988;0196;Menu 'Demi Lune';1.0;33.66;45.0;45.0;-11.34;33.66;PRIX PERSONNALISE;Prix ne correspond a aucun prix catalogue connu du menu -> facture sans detail -> exclu du calcul alcool
2023-2024;A (17/04/2023-17/07/2025);2023-12-14;12:40;5;3339;59986;2037;Menu Franc-Comtois;2.0;35.0;32.0/34.0;34.0;1.0;70.0;PRIX PERSONNALISE;Prix ne correspond a aucun prix catalogue connu du menu -> facture sans detail -> exclu du calcul alcool
2023-2024;A (17/04/2023-17/07/2025);2023-12-14;19:38;10;3339;59997;0196;Menu 'Demi Lune';1.0;36.0;45.0;45.0;-9.0;36.0;PRIX PERSONNALISE;Prix ne correspond a aucun prix catalogue connu du menu -> facture sans detail -> exclu du calcul alcool
2023-2024;A (17/04/2023-17/07/2025);2023-12-14;19:39;11;3339;59998;0196;Menu 'Demi Lune';1.0;25.3;45.0;45.0;-19.7;25.3;PRIX PERSONNALISE;Prix ne correspond a aucun prix catalogue connu du menu -> facture sans detail -> exclu du calcul alcool
2023-2024;A (17/04/2023-17/07/2025);2023-12-15;12:30;4;3340;60004;0196;Menu 'Demi Lune';2.0;48.0;45.0;45.0;3.0;96.0;PRIX PERSONNALISE;Prix ne correspond a aucun prix catalogue connu du menu -> facture sans detail -> exclu du calcul alcool
2023-2024;A (17/04/2023-17/07/2025);2023-12-15;12:30;4;3340;60004;1930;Menu du Dahu;1.0;53.0;29.9;29.9;23.1;53.0;PRIX PERSONNALISE;Prix ne correspond a aucun prix catalogue connu du menu -> facture sans detail -> exclu du calcul alcool
2023-2024;A (17/04/2023-17/07/2025);2023-12-16;13:14;5;3341;60025;2036;Menu Bourguignon;1.0;24.7;32.0/34.0;34.0;-9.3;24.7;PRIX PERSONNALISE;Prix ne correspond a aucun prix catalogue connu du menu -> facture sans detail -> exclu du calcul alcool
2023-2024;A (17/04/2023-17/07/2025);2023-12-20;17:28;5;3343;60073;0196;Menu 'Demi Lune';2.0;40.0;45.0;45.0;-5.0;80.0;PRIX PERSONNALISE;Prix ne correspond a aucun prix catalogue connu du menu -> facture sans detail -> exclu du calcul alcool
2023-2024;A (17/04/2023-17/07/2025);2023-12-22;13:31;7;3345;60093;0196;Menu 'Demi Lune';8.0;49.0;45.0;45.0;4.0;392.0;PRIX PERSONNALISE;Prix ne correspond a aucun prix catalogue connu du menu -> facture sans detail -> exclu du calcul alcool
2023-2024;A (17/04/2023-17/07/2025);2023-12-22;13:31;7;3345;60093;2037;Menu Franc-Comtois;1.0;41.3;32.0/34.0;34.0;7.3;41.3;PRIX PERSONNALISE;Prix ne correspond a aucun prix catalogue connu du menu -> facture sans detail -> exclu du calcul alcool
2023-2024;A (17/04/2023-17/07/2025);2023-12-22;16:53;8;3345;60094;0196;Menu 'Demi Lune';2.0;60.0;45.0;45.0;15.0;120.0;PRIX PERSONNALISE;Prix ne correspond a aucun prix catalogue connu du menu -> facture sans detail -> exclu du calcul alcool
2023-2024;A (17/04/2023-17/07/2025);2023-12-28;20:09;17;3347;60145;0196;Menu 'Demi Lune';1.0;42.5;45.0;45.0;-2.5;42.5;PRIX PERSONNALISE;Prix ne correspond a aucun prix catalogue connu du menu -> facture sans detail -> exclu du calcul alcool
2023-2024;A (17/04/2023-17/07/2025);2023-12-28;20:57;19;3347;60147;0196;Menu 'Demi Lune';3.0;50.0;45.0;45.0;5.0;150.0;PRIX PERSONNALISE;Prix ne correspond a aucun prix catalogue connu du menu -> facture sans detail -> exclu du calcul alcool
2023-2024;A (17/04/2023-17/07/2025);2023-12-29;11:00;1;3348;60155;0196;Menu 'Demi Lune';2.0;50.0;45.0;45.0;5.0;100.0;PRIX PERSONNALISE;Prix ne correspond a aucun prix catalogue connu du menu -> facture sans detail -> exclu du calcul alcool
2023-2024;A (17/04/2023-17/07/2025);2023-12-29;11:48;2;3348;60165;0196;Menu 'Demi Lune';2.0;60.0;45.0;45.0;15.0;120.0;PRIX PERSONNALISE;Prix ne correspond a aucun prix catalogue connu du menu -> facture sans detail -> exclu du calcul alcool
2023-2024;A (17/04/2023-17/07/2025);2024-01-04;12:23;7;3352;60271;0196;Menu 'Demi Lune';2.0;24.35;45.0;45.0;-20.65;48.7;PRIX PERSONNALISE;Prix ne correspond a aucun prix catalogue connu du menu -> facture sans detail -> exclu du calcul alcool
2023-2024;A (17/04/2023-17/07/2025);2024-01-05;17:19;11;3353;60293;2037;Menu Franc-Comtois;1.0;35.8;32.0/34.0;34.0;1.8;35.8;PRIX PERSONNALISE;Prix ne correspond a aucun prix catalogue connu du menu -> facture sans detail -> exclu du calcul alcool
2023-2024;A (17/04/2023-17/07/2025);2024-03-01;11:35;1;3356;60347;0196;Menu 'Demi Lune';1.0;23.6;45.0;45.0;-21.4;23.6;PRIX PERSONNALISE;Prix ne correspond a aucun prix catalogue connu du menu -> facture sans detail -> exclu du calcul alcool
2023-2024;A (17/04/2023-17/07/2025);2024-03-01;12:37;10;3356;60350;0196;Menu 'Demi Lune';2.0;41.35;45.0;45.0;-3.65;82.7;PRIX PERSONNALISE;Prix ne correspond a aucun prix catalogue connu du menu -> facture sans detail -> exclu du calcul alcool
2023-2024;A (17/04/2023-17/07/2025);2024-03-08;20:55;16;3361;60510;2036;Menu Bourguignon;2.0;42.75;32.0/34.0;34.0;8.75;85.5;PRIX PERSONNALISE;Prix ne correspond a aucun prix catalogue connu du menu -> facture sans detail -> exclu du calcul alcool
2023-2024;A (17/04/2023-17/07/2025);2024-03-08;21:06;18;3361;60507;1930;Menu du Dahu;6.0;34.0;29.9;29.9;4.1;204.0;PRIX PERSONNALISE;Prix ne correspond a aucun prix catalogue connu du menu -> facture sans detail -> exclu du calcul alcool
2023-2024;A (17/04/2023-17/07/2025);2024-03-14;12:05;3;3365;60594;2036;Menu Bourguignon;3.0;30.0;32.0/34.0;34.0;-4.0;90.0;PRIX PERSONNALISE;Prix ne correspond a aucun prix catalogue connu du menu -> facture sans detail -> exclu du calcul alcool
2023-2024;A (17/04/2023-17/07/2025);2024-03-14;12:27;5;3365;60593;2036;Menu Bourguignon;3.0;34.4;32.0/34.0;34.0;0.4;103.2;PRIX PERSONNALISE;Prix ne correspond a aucun prix catalogue connu du menu -> facture sans detail -> exclu du calcul alcool
2023-2024;A (17/04/2023-17/07/2025);2024-03-14;12:30;6;3365;60587;0196;Menu 'Demi Lune';2.0;50.0;45.0;45.0;5.0;100.0;PRIX PERSONNALISE;Prix ne correspond a aucun prix catalogue connu du menu -> facture sans detail -> exclu du calcul alcool
2023-2024;A (17/04/2023-17/07/2025);2024-03-14;13:03;10;3365;60596;0196;Menu 'Demi Lune';1.0;39.1;45.0;45.0;-5.9;39.1;PRIX PERSONNALISE;Prix ne correspond a aucun prix catalogue connu du menu -> facture sans detail -> exclu du calcul alcool
2023-2024;A (17/04/2023-17/07/2025);2024-03-14;13:04;11;3365;60599;0196;Menu 'Demi Lune';1.0;39.1;45.0;45.0;-5.9;39.1;PRIX PERSONNALISE;Prix ne correspond a aucun prix catalogue connu du menu -> facture sans detail -> exclu du calcul alcool
2023-2024;A (17/04/2023-17/07/2025);2024-03-20;19:56;10;3369;60697;0196;Menu 'Demi Lune';1.0;29.4;45.0;45.0;-15.6;29.4;PRIX PERSONNALISE;Prix ne correspond a aucun prix catalogue connu du menu -> facture sans detail -> exclu du calcul alcool
2023-2024;A (17/04/2023-17/07/2025);2024-03-20;19:56;11;3369;60701;0196;Menu 'Demi Lune';1.0;28.3;45.0;45.0;-16.7;28.3;PRIX PERSONNALISE;Prix ne correspond a aucun prix catalogue connu du menu -> facture sans detail -> exclu du calcul alcool
2024-2025;A (17/04/2023-17/07/2025);2024-04-10;12:29;5;3384;61034;0196;Menu 'Demi Lune';1.0;30.3;45.0;45.0;-14.7;30.3;PRIX PERSONNALISE;Prix ne correspond a aucun prix catalogue connu du menu -> facture sans detail -> exclu du calcul alcool
2024-2025;A (17/04/2023-17/07/2025);2024-04-10;19:17;12;3384;61046;0196;Menu 'Demi Lune';1.0;30.0;45.0;45.0;-15.0;30.0;PRIX PERSONNALISE;Prix ne correspond a aucun prix catalogue connu du menu -> facture sans detail -> exclu du calcul alcool
2024-2025;A (17/04/2023-17/07/2025);2024-04-11;18:45;12;3385;61070;0196;Menu 'Demi Lune';1.0;49.0;45.0;45.0;4.0;49.0;PRIX PERSONNALISE;Prix ne correspond a aucun prix catalogue connu du menu -> facture sans detail -> exclu du calcul alcool
2024-2025;A (17/04/2023-17/07/2025);2024-04-11;18:46;13;3385;61071;0196;Menu 'Demi Lune';1.0;59.6;45.0;45.0;14.6;59.6;PRIX PERSONNALISE;Prix ne correspond a aucun prix catalogue connu du menu -> facture sans detail -> exclu du calcul alcool
2024-2025;A (17/04/2023-17/07/2025);2024-04-18;11:54;3;3390;61182;2036;Menu Bourguignon;1.0;33.3;32.0/34.0;34.0;-0.7;33.3;PRIX PERSONNALISE;Prix ne correspond a aucun prix catalogue connu du menu -> facture sans detail -> exclu du calcul alcool
2024-2025;A (17/04/2023-17/07/2025);2024-04-18;11:54;4;3390;61183;2036;Menu Bourguignon;1.0;33.3;32.0/34.0;34.0;-0.7;33.3;PRIX PERSONNALISE;Prix ne correspond a aucun prix catalogue connu du menu -> facture sans detail -> exclu du calcul alcool
2024-2025;A (17/04/2023-17/07/2025);2024-04-24;20:20;21;3394;61303;0196;Menu 'Demi Lune';2.0;55.0;45.0;45.0;10.0;110.0;PRIX PERSONNALISE;Prix ne correspond a aucun prix catalogue connu du menu -> facture sans detail -> exclu du calcul alcool
2024-2025;A (17/04/2023-17/07/2025);2024-04-24;20:20;21;3394;61303;2037;Menu Franc-Comtois;1.0;48.2;32.0/34.0;34.0;14.2;48.2;PRIX PERSONNALISE;Prix ne correspond a aucun prix catalogue connu du menu -> facture sans detail -> exclu du calcul alcool
2024-2025;A (17/04/2023-17/07/2025);2024-04-25;11:34;1;3395;61306;2037;Menu Franc-Comtois;2.0;27.1;32.0/34.0;34.0;-6.9;54.2;PRIX PERSONNALISE;Prix ne correspond a aucun prix catalogue connu du menu -> facture sans detail -> exclu du calcul alcool
2024-2025;A (17/04/2023-17/07/2025);2024-05-03;20:17;17;3400;61482;0196;Menu 'Demi Lune';2.0;30.65;45.0;45.0;-14.35;61.3;PRIX PERSONNALISE;Prix ne correspond a aucun prix catalogue connu du menu -> facture sans detail -> exclu du calcul alcool
2024-2025;A (17/04/2023-17/07/2025);2024-05-09;19:55;27;3404;61616;0196;Menu 'Demi Lune';2.0;44.65;45.0;45.0;-0.35;89.3;PRIX PERSONNALISE;Prix ne correspond a aucun prix catalogue connu du menu -> facture sans detail -> exclu du calcul alcool
2024-2025;A (17/04/2023-17/07/2025);2024-05-09;21:15;33;3404;61629;0196;Menu 'Demi Lune';2.0;55.65;45.0;45.0;10.65;111.3;PRIX PERSONNALISE;Prix ne correspond a aucun prix catalogue connu du menu -> facture sans detail -> exclu du calcul alcool
2024-2025;A (17/04/2023-17/07/2025);2024-05-12;12:23;3;3407;61724;2036;Menu Bourguignon;2.0;27.5;32.0/34.0;34.0;-6.5;55.0;PRIX PERSONNALISE;Prix ne correspond a aucun prix catalogue connu du menu -> facture sans detail -> exclu du calcul alcool
2024-2025;A (17/04/2023-17/07/2025);2024-05-15;19:00;10;3408;61760;0196;Menu 'Demi Lune';1.0;33.3;45.0;45.0;-11.7;33.3;PRIX PERSONNALISE;Prix ne correspond a aucun prix catalogue connu du menu -> facture sans detail -> exclu du calcul alcool
2024-2025;A (17/04/2023-17/07/2025);2024-05-18;13:24;17;3411;61837;2037;Menu Franc-Comtois;1.0;31.0;32.0/34.0;34.0;-3.0;31.0;PRIX PERSONNALISE;Prix ne correspond a aucun prix catalogue connu du menu -> facture sans detail -> exclu du calcul alcool
2024-2025;A (17/04/2023-17/07/2025);2024-05-23;12:59;12;3414;61948;0196;Menu 'Demi Lune';2.0;54.35;45.0;45.0;9.35;108.7;PRIX PERSONNALISE;Prix ne correspond a aucun prix catalogue connu du menu -> facture sans detail -> exclu du calcul alcool
2024-2025;A (17/04/2023-17/07/2025);2024-05-24;12:27;4;3415;61970;0196;Menu 'Demi Lune';2.0;64.85;45.0;45.0;19.85;129.7;PRIX PERSONNALISE;Prix ne correspond a aucun prix catalogue connu du menu -> facture sans detail -> exclu du calcul alcool
2024-2025;A (17/04/2023-17/07/2025);2024-05-24;20:18;12;3415;61988;0196;Menu 'Demi Lune';3.0;33.9;45.0;45.0;-11.1;101.7;PRIX PERSONNALISE;Prix ne correspond a aucun prix catalogue connu du menu -> facture sans detail -> exclu du calcul alcool
2024-2025;A (17/04/2023-17/07/2025);2024-05-25;11:29;1;3416;61995;2036;Menu Bourguignon;2.0;29.45;32.0/34.0;34.0;-4.55;58.9;PRIX PERSONNALISE;Prix ne correspond a aucun prix catalogue connu du menu -> facture sans detail -> exclu du calcul alcool
2024-2025;A (17/04/2023-17/07/2025);2024-05-31;20:10;28;3420;62131;0196;Menu 'Demi Lune';1.0;13.0;45.0;45.0;-32.0;13.0;PRIX PERSONNALISE;Prix ne correspond a aucun prix catalogue connu du menu -> facture sans detail -> exclu du calcul alcool
2024-2025;A (17/04/2023-17/07/2025);2024-06-01;20:45;24;3421;62165;0196;Menu 'Demi Lune';2.0;30.9;45.0;45.0;-14.1;61.8;PRIX PERSONNALISE;Prix ne correspond a aucun prix catalogue connu du menu -> facture sans detail -> exclu du calcul alcool
2024-2025;A (17/04/2023-17/07/2025);2024-06-06;21:24;30;3424;62240;1928;Menu Végétarien;1.0;26.0;23.0/25.0/26.5;26.5;-0.5;26.0;PRIX PERSONNALISE;Prix ne correspond a aucun prix catalogue connu du menu -> facture sans detail -> exclu du calcul alcool
2024-2025;A (17/04/2023-17/07/2025);2024-06-07;11:41;3;3425;62253;1928;Menu Végétarien;2.0;25.05;23.0/25.0/26.5;26.5;-1.45;50.1;PRIX PERSONNALISE;Prix ne correspond a aucun prix catalogue connu du menu -> facture sans detail -> exclu du calcul alcool
2024-2025;A (17/04/2023-17/07/2025);2024-06-07;20:39;28;3425;62283;0196;Menu 'Demi Lune';2.0;67.25;45.0;45.0;22.25;134.5;PRIX PERSONNALISE;Prix ne correspond a aucun prix catalogue connu du menu -> facture sans detail -> exclu du calcul alcool
2024-2025;A (17/04/2023-17/07/2025);2024-06-08;13:02;9;3426;62309;0196;Menu 'Demi Lune';2.0;32.6;45.0;45.0;-12.4;65.2;PRIX PERSONNALISE;Prix ne correspond a aucun prix catalogue connu du menu -> facture sans detail -> exclu du calcul alcool
2024-2025;A (17/04/2023-17/07/2025);2024-06-08;20:33;17;3426;62322;2036;Menu Bourguignon;2.0;68.03;32.0/34.0;34.0;34.03;136.06;PRIX PERSONNALISE;Prix ne correspond a aucun prix catalogue connu du menu -> facture sans detail -> exclu du calcul alcool
2024-2025;A (17/04/2023-17/07/2025);2024-06-08;20:35;18;3426;62324;2036;Menu Bourguignon;1.0;45.35;32.0/34.0;34.0;11.35;45.35;PRIX PERSONNALISE;Prix ne correspond a aucun prix catalogue connu du menu -> facture sans detail -> exclu du calcul alcool
2024-2025;A (17/04/2023-17/07/2025);2024-06-09;11:56;1;3427;62342;0196;Menu 'Demi Lune';2.0;55.0;45.0;45.0;10.0;110.0;PRIX PERSONNALISE;Prix ne correspond a aucun prix catalogue connu du menu -> facture sans detail -> exclu du calcul alcool
2024-2025;A (17/04/2023-17/07/2025);2024-06-13;20:49;28;3429;62432;0196;Menu 'Demi Lune';1.0;53.15;45.0;45.0;8.15;53.15;PRIX PERSONNALISE;Prix ne correspond a aucun prix catalogue connu du menu -> facture sans detail -> exclu du calcul alcool
2024-2025;A (17/04/2023-17/07/2025);2024-06-13;20:50;29;3429;62439;0196;Menu 'Demi Lune';1.0;53.15;45.0;45.0;8.15;53.15;PRIX PERSONNALISE;Prix ne correspond a aucun prix catalogue connu du menu -> facture sans detail -> exclu du calcul alcool
2024-2025;A (17/04/2023-17/07/2025);2024-06-14;19:45;12;3430;62457;0196;Menu 'Demi Lune';4.0;45.55;45.0;45.0;0.55;182.2;PRIX PERSONNALISE;Prix ne correspond a aucun prix catalogue connu du menu -> facture sans detail -> exclu du calcul alcool
2024-2025;A (17/04/2023-17/07/2025);2024-06-14;20:45;18;3430;62463;0196;Menu 'Demi Lune';4.0;25.0;45.0;45.0;-20.0;100.0;PRIX PERSONNALISE;Prix ne correspond a aucun prix catalogue connu du menu -> facture sans detail -> exclu du calcul alcool
2024-2025;A (17/04/2023-17/07/2025);2024-06-15;20:45;36;3431;62511;0196;Menu 'Demi Lune';1.0;42.15;45.0;45.0;-2.85;42.15;PRIX PERSONNALISE;Prix ne correspond a aucun prix catalogue connu du menu -> facture sans detail -> exclu du calcul alcool
2024-2025;A (17/04/2023-17/07/2025);2024-06-15;20:46;37;3431;62512;0196;Menu 'Demi Lune';1.0;42.15;45.0;45.0;-2.85;42.15;PRIX PERSONNALISE;Prix ne correspond a aucun prix catalogue connu du menu -> facture sans detail -> exclu du calcul alcool
2024-2025;A (17/04/2023-17/07/2025);2024-06-19;12:30;7;3433;62564;0196;Menu 'Demi Lune';2.0;50.0;45.0;45.0;5.0;100.0;PRIX PERSONNALISE;Prix ne correspond a aucun prix catalogue connu du menu -> facture sans detail -> exclu du calcul alcool
2024-2025;A (17/04/2023-17/07/2025);2024-06-21;19:51;22;3435;62646;2037;Menu Franc-Comtois;2.0;34.85;32.0/34.0;34.0;0.85;69.7;PRIX PERSONNALISE;Prix ne correspond a aucun prix catalogue connu du menu -> facture sans detail -> exclu du calcul alcool
2024-2025;A (17/04/2023-17/07/2025);2024-06-27;19:53;14;3439;62817;1930;Menu du Dahu;1.0;28.42;29.9;29.9;-1.48;28.42;PRIX PERSONNALISE;Prix ne correspond a aucun prix catalogue connu du menu -> facture sans detail -> exclu du calcul alcool
2024-2025;A (17/04/2023-17/07/2025);2024-06-27;19:54;15;3439;62818;1930;Menu du Dahu;1.0;28.42;29.9;29.9;-1.48;28.42;PRIX PERSONNALISE;Prix ne correspond a aucun prix catalogue connu du menu -> facture sans detail -> exclu du calcul alcool
2024-2025;A (17/04/2023-17/07/2025);2024-06-27;19:55;16;3439;62819;1930;Menu du Dahu;1.0;28.43;29.9;29.9;-1.47;28.43;PRIX PERSONNALISE;Prix ne correspond a aucun prix catalogue connu du menu -> facture sans detail -> exclu du calcul alcool
2024-2025;A (17/04/2023-17/07/2025);2024-06-27;19:56;17;3439;62820;1930;Menu du Dahu;1.0;28.43;29.9;29.9;-1.47;28.43;PRIX PERSONNALISE;Prix ne correspond a aucun prix catalogue connu du menu -> facture sans detail -> exclu du calcul alcool
2024-2025;A (17/04/2023-17/07/2025);2024-06-27;20:44;23;3439;62816;2037;Menu Franc-Comtois;2.0;37.25;32.0/34.0;34.0;3.25;74.5;PRIX PERSONNALISE;Prix ne correspond a aucun prix catalogue connu du menu -> facture sans detail -> exclu du calcul alcool
2024-2025;A (17/04/2023-17/07/2025);2024-07-03;19:01;14;3443;62952;0196;Menu 'Demi Lune';1.0;29.56;45.0;45.0;-15.44;29.56;PRIX PERSONNALISE;Prix ne correspond a aucun prix catalogue connu du menu -> facture sans detail -> exclu du calcul alcool
2024-2025;A (17/04/2023-17/07/2025);2024-07-03;19:02;15;3443;62953;0196;Menu 'Demi Lune';1.0;29.56;45.0;45.0;-15.44;29.56;PRIX PERSONNALISE;Prix ne correspond a aucun prix catalogue connu du menu -> facture sans detail -> exclu du calcul alcool
2024-2025;A (17/04/2023-17/07/2025);2024-07-03;19:02;16;3443;62954;0196;Menu 'Demi Lune';1.0;29.57;45.0;45.0;-15.43;29.57;PRIX PERSONNALISE;Prix ne correspond a aucun prix catalogue connu du menu -> facture sans detail -> exclu du calcul alcool
2024-2025;A (17/04/2023-17/07/2025);2024-07-04;13:13;11;3444;62989;2036;Menu Bourguignon;2.0;30.25;32.0/34.0;34.0;-3.75;60.5;PRIX PERSONNALISE;Prix ne correspond a aucun prix catalogue connu du menu -> facture sans detail -> exclu du calcul alcool
2024-2025;A (17/04/2023-17/07/2025);2024-07-04;20:44;30;3444;63008;1928;Menu Végétarien;2.0;35.92;23.0/25.0/26.5;26.5;9.42;71.84;PRIX PERSONNALISE;Prix ne correspond a aucun prix catalogue connu du menu -> facture sans detail -> exclu du calcul alcool
2024-2025;A (17/04/2023-17/07/2025);2024-07-17;20:57;35;3453;63365;0196;Menu 'Demi Lune';2.0;50.0;45.0;45.0;5.0;100.0;PRIX PERSONNALISE;Prix ne correspond a aucun prix catalogue connu du menu -> facture sans detail -> exclu du calcul alcool
2024-2025;A (17/04/2023-17/07/2025);2024-07-20;20:52;31;3456;63469;2037;Menu Franc-Comtois;2.0;33.5;32.0/34.0;34.0;-0.5;67.0;PRIX PERSONNALISE;Prix ne correspond a aucun prix catalogue connu du menu -> facture sans detail -> exclu du calcul alcool
2024-2025;A (17/04/2023-17/07/2025);2024-07-21;20:41;26;3457;63502;2036;Menu Bourguignon;1.0;32.49;32.0/34.0;34.0;-1.51;32.49;PRIX PERSONNALISE;Prix ne correspond a aucun prix catalogue connu du menu -> facture sans detail -> exclu du calcul alcool
2024-2025;A (17/04/2023-17/07/2025);2024-07-25;13:01;13;3459;63558;1928;Menu Végétarien;2.0;25.15;23.0/25.0/26.5;26.5;-1.35;50.3;PRIX PERSONNALISE;Prix ne correspond a aucun prix catalogue connu du menu -> facture sans detail -> exclu du calcul alcool
2024-2025;A (17/04/2023-17/07/2025);2024-07-27;13:36;16;3461;63622;1928;Menu Végétarien;2.0;26.2;23.0/25.0/26.5;26.5;-0.3;52.4;PRIX PERSONNALISE;Prix ne correspond a aucun prix catalogue connu du menu -> facture sans detail -> exclu du calcul alcool
2024-2025;A (17/04/2023-17/07/2025);2024-07-28;12:29;4;3462;63650;2037;Menu Franc-Comtois;1.0;37.0;32.0/34.0;34.0;3.0;37.0;PRIX PERSONNALISE;Prix ne correspond a aucun prix catalogue connu du menu -> facture sans detail -> exclu du calcul alcool
2024-2025;A (17/04/2023-17/07/2025);2024-07-31;20:04;30;3463;63725;2036;Menu Bourguignon;2.0;30.05;32.0/34.0;34.0;-3.95;60.1;PRIX PERSONNALISE;Prix ne correspond a aucun prix catalogue connu du menu -> facture sans detail -> exclu du calcul alcool
2024-2025;A (17/04/2023-17/07/2025);2024-08-01;12:15;5;3464;63745;2036;Menu Bourguignon;1.0;35.65;32.0/34.0;34.0;1.65;35.65;PRIX PERSONNALISE;Prix ne correspond a aucun prix catalogue connu du menu -> facture sans detail -> exclu du calcul alcool
2024-2025;A (17/04/2023-17/07/2025);2024-08-02;19:39;20;3465;63806;1928;Menu Végétarien;2.0;24.95;23.0/25.0/26.5;26.5;-1.55;49.9;PRIX PERSONNALISE;Prix ne correspond a aucun prix catalogue connu du menu -> facture sans detail -> exclu du calcul alcool
2024-2025;A (17/04/2023-17/07/2025);2024-08-07;13:20;15;3468;63900;2036;Menu Bourguignon;1.0;31.4;32.0/34.0;34.0;-2.6;31.4;PRIX PERSONNALISE;Prix ne correspond a aucun prix catalogue connu du menu -> facture sans detail -> exclu du calcul alcool
2024-2025;A (17/04/2023-17/07/2025);2024-08-07;18:10;16;3468;63909;0196;Menu 'Demi Lune';3.0;50.0;45.0;45.0;5.0;150.0;PRIX PERSONNALISE;Prix ne correspond a aucun prix catalogue connu du menu -> facture sans detail -> exclu du calcul alcool
2024-2025;A (17/04/2023-17/07/2025);2024-08-07;19:55;21;3468;63927;1928;Menu Végétarien;1.0;25.9;23.0/25.0/26.5;26.5;-0.6;25.9;PRIX PERSONNALISE;Prix ne correspond a aucun prix catalogue connu du menu -> facture sans detail -> exclu du calcul alcool
2024-2025;A (17/04/2023-17/07/2025);2024-08-08;12:22;8;3469;63941;0196;Menu 'Demi Lune';1.0;50.0;45.0;45.0;5.0;50.0;PRIX PERSONNALISE;Prix ne correspond a aucun prix catalogue connu du menu -> facture sans detail -> exclu du calcul alcool
2024-2025;A (17/04/2023-17/07/2025);2024-08-09;20:32;25;3470;63992;2037;Menu Franc-Comtois;2.0;31.6;32.0/34.0;34.0;-2.4;63.2;PRIX PERSONNALISE;Prix ne correspond a aucun prix catalogue connu du menu -> facture sans detail -> exclu du calcul alcool
2024-2025;A (17/04/2023-17/07/2025);2024-08-09;20:48;32;3470;63997;0196;Menu 'Demi Lune';1.0;57.9;45.0;45.0;12.9;57.9;PRIX PERSONNALISE;Prix ne correspond a aucun prix catalogue connu du menu -> facture sans detail -> exclu du calcul alcool
2024-2025;A (17/04/2023-17/07/2025);2024-08-09;20:48;33;3470;63998;0196;Menu 'Demi Lune';1.0;50.0;45.0;45.0;5.0;50.0;PRIX PERSONNALISE;Prix ne correspond a aucun prix catalogue connu du menu -> facture sans detail -> exclu du calcul alcool
2024-2025;A (17/04/2023-17/07/2025);2024-08-15;12:33;6;3474;64132;1930;Menu du Dahu;4.0;30.0;29.9;29.9;0.1;120.0;PRIX PERSONNALISE;Prix ne correspond a aucun prix catalogue connu du menu -> facture sans detail -> exclu du calcul alcool
2024-2025;A (17/04/2023-17/07/2025);2024-08-17;20:26;28;3476;64219;0196;Menu 'Demi Lune';2.0;53.5;45.0;45.0;8.5;107.0;PRIX PERSONNALISE;Prix ne correspond a aucun prix catalogue connu du menu -> facture sans detail -> exclu du calcul alcool
2024-2025;A (17/04/2023-17/07/2025);2024-08-22;12:07;5;3479;64315;0196;Menu 'Demi Lune';2.0;30.0;45.0;45.0;-15.0;60.0;PRIX PERSONNALISE;Prix ne correspond a aucun prix catalogue connu du menu -> facture sans detail -> exclu du calcul alcool
2024-2025;A (17/04/2023-17/07/2025);2024-08-28;10:15;1;3483;64462;0196;Menu 'Demi Lune';2.0;30.0;45.0;45.0;-15.0;60.0;PRIX PERSONNALISE;Prix ne correspond a aucun prix catalogue connu du menu -> facture sans detail -> exclu du calcul alcool
2024-2025;A (17/04/2023-17/07/2025);2024-08-28;13:04;13;3483;64476;0196;Menu 'Demi Lune';5.0;39.08;45.0;45.0;-5.92;195.4;PRIX PERSONNALISE;Prix ne correspond a aucun prix catalogue connu du menu -> facture sans detail -> exclu du calcul alcool
2024-2025;A (17/04/2023-17/07/2025);2024-08-30;20:55;31;3485;64582;2037;Menu Franc-Comtois;2.0;37.02;32.0/34.0;34.0;3.02;74.04;PRIX PERSONNALISE;Prix ne correspond a aucun prix catalogue connu du menu -> facture sans detail -> exclu du calcul alcool
2024-2025;A (17/04/2023-17/07/2025);2024-08-31;12:39;9;3486;64593;2037;Menu Franc-Comtois;1.0;37.2;32.0/34.0;34.0;3.2;37.2;PRIX PERSONNALISE;Prix ne correspond a aucun prix catalogue connu du menu -> facture sans detail -> exclu du calcul alcool
2024-2025;A (17/04/2023-17/07/2025);2024-08-31;19:42;24;3486;64612;0196;Menu 'Demi Lune';1.0;51.7;45.0;45.0;6.7;51.7;PRIX PERSONNALISE;Prix ne correspond a aucun prix catalogue connu du menu -> facture sans detail -> exclu du calcul alcool
2024-2025;A (17/04/2023-17/07/2025);2024-08-31;20:23;31;3486;64614;2037;Menu Franc-Comtois;2.0;36.3;32.0/34.0;34.0;2.3;72.6;PRIX PERSONNALISE;Prix ne correspond a aucun prix catalogue connu du menu -> facture sans detail -> exclu du calcul alcool
2024-2025;A (17/04/2023-17/07/2025);2024-09-04;11:42;2;3488;64671;0196;Menu 'Demi Lune';1.0;21.6;45.0;45.0;-23.4;21.6;PRIX PERSONNALISE;Prix ne correspond a aucun prix catalogue connu du menu -> facture sans detail -> exclu du calcul alcool
2024-2025;A (17/04/2023-17/07/2025);2024-09-04;20:14;30;3488;64696;2037;Menu Franc-Comtois;2.0;30.1;32.0/34.0;34.0;-3.9;60.2;PRIX PERSONNALISE;Prix ne correspond a aucun prix catalogue connu du menu -> facture sans detail -> exclu du calcul alcool
2024-2025;A (17/04/2023-17/07/2025);2024-09-06;12:10;5;3490;64750;0196;Menu 'Demi Lune';2.0;51.5;45.0;45.0;6.5;103.0;PRIX PERSONNALISE;Prix ne correspond a aucun prix catalogue connu du menu -> facture sans detail -> exclu du calcul alcool
2024-2025;A (17/04/2023-17/07/2025);2024-09-11;11:24;1;3493;64856;0196;Menu 'Demi Lune';2.0;50.0;45.0;45.0;5.0;100.0;PRIX PERSONNALISE;Prix ne correspond a aucun prix catalogue connu du menu -> facture sans detail -> exclu du calcul alcool
2024-2025;A (17/04/2023-17/07/2025);2024-09-11;19:03;10;3493;64874;1928;Menu Végétarien;1.0;26.02;23.0/25.0/26.5;26.5;-0.48;26.02;PRIX PERSONNALISE;Prix ne correspond a aucun prix catalogue connu du menu -> facture sans detail -> exclu du calcul alcool
2024-2025;A (17/04/2023-17/07/2025);2024-09-11;19:04;11;3493;64875;1928;Menu Végétarien;1.0;26.02;23.0/25.0/26.5;26.5;-0.48;26.02;PRIX PERSONNALISE;Prix ne correspond a aucun prix catalogue connu du menu -> facture sans detail -> exclu du calcul alcool
2024-2025;A (17/04/2023-17/07/2025);2024-09-11;19:04;12;3493;64876;1928;Menu Végétarien;1.0;26.02;23.0/25.0/26.5;26.5;-0.48;26.02;PRIX PERSONNALISE;Prix ne correspond a aucun prix catalogue connu du menu -> facture sans detail -> exclu du calcul alcool
2024-2025;A (17/04/2023-17/07/2025);2024-09-11;19:04;13;3493;64877;1928;Menu Végétarien;1.0;26.02;23.0/25.0/26.5;26.5;-0.48;26.02;PRIX PERSONNALISE;Prix ne correspond a aucun prix catalogue connu du menu -> facture sans detail -> exclu du calcul alcool
2024-2025;A (17/04/2023-17/07/2025);2024-09-11;19:33;17;3493;64878;1928;Menu Végétarien;2.0;27.56;23.0/25.0/26.5;26.5;1.06;55.12;PRIX PERSONNALISE;Prix ne correspond a aucun prix catalogue connu du menu -> facture sans detail -> exclu du calcul alcool
2024-2025;A (17/04/2023-17/07/2025);2024-09-11;19:33;17;3493;64878;0196;Menu 'Demi Lune';1.0;27.58;45.0;45.0;-17.42;27.58;PRIX PERSONNALISE;Prix ne correspond a aucun prix catalogue connu du menu -> facture sans detail -> exclu du calcul alcool
2024-2025;A (17/04/2023-17/07/2025);2024-09-11;20:06;23;3493;64879;2036;Menu Bourguignon;2.0;36.55;32.0/34.0;34.0;2.55;73.1;PRIX PERSONNALISE;Prix ne correspond a aucun prix catalogue connu du menu -> facture sans detail -> exclu du calcul alcool
2024-2025;A (17/04/2023-17/07/2025);2024-09-13;20:46;18;3495;64944;2036;Menu Bourguignon;2.0;50.0;32.0/34.0;34.0;16.0;100.0;PRIX PERSONNALISE;Prix ne correspond a aucun prix catalogue connu du menu -> facture sans detail -> exclu du calcul alcool
2024-2025;A (17/04/2023-17/07/2025);2024-09-13;20:46;18;3495;64944;0196;Menu 'Demi Lune';2.0;42.15;45.0;45.0;-2.85;84.3;PRIX PERSONNALISE;Prix ne correspond a aucun prix catalogue connu du menu -> facture sans detail -> exclu du calcul alcool
2024-2025;A (17/04/2023-17/07/2025);2024-09-18;20:49;29;3498;65034;0196;Menu 'Demi Lune';3.0;28.63;45.0;45.0;-16.37;85.89;PRIX PERSONNALISE;Prix ne correspond a aucun prix catalogue connu du menu -> facture sans detail -> exclu du calcul alcool
2024-2025;A (17/04/2023-17/07/2025);2024-09-19;20:14;31;3499;65089;0196;Menu 'Demi Lune';3.0;50.0;45.0;45.0;5.0;150.0;PRIX PERSONNALISE;Prix ne correspond a aucun prix catalogue connu du menu -> facture sans detail -> exclu du calcul alcool
2024-2025;A (17/04/2023-17/07/2025);2024-09-20;13:42;15;3500;65104;1930;Menu du Dahu;1.0;57.8;29.9;29.9;27.9;57.8;PRIX PERSONNALISE;Prix ne correspond a aucun prix catalogue connu du menu -> facture sans detail -> exclu du calcul alcool
2024-2025;A (17/04/2023-17/07/2025);2024-09-20;20:01;33;3500;65122;1930;Menu du Dahu;1.0;29.3;29.9;29.9;-0.6;29.3;PRIX PERSONNALISE;Prix ne correspond a aucun prix catalogue connu du menu -> facture sans detail -> exclu du calcul alcool
2024-2025;A (17/04/2023-17/07/2025);2024-09-20;20:25;36;3500;65114;1930;Menu du Dahu;1.0;30.0;29.9;29.9;0.1;30.0;PRIX PERSONNALISE;Prix ne correspond a aucun prix catalogue connu du menu -> facture sans detail -> exclu du calcul alcool
2024-2025;A (17/04/2023-17/07/2025);2024-09-25;20:25;25;3503;65245;0196;Menu 'Demi Lune';1.0;42.46;45.0;45.0;-2.54;42.46;PRIX PERSONNALISE;Prix ne correspond a aucun prix catalogue connu du menu -> facture sans detail -> exclu du calcul alcool
2024-2025;A (17/04/2023-17/07/2025);2024-09-25;20:25;26;3503;65246;0196;Menu 'Demi Lune';1.0;42.47;45.0;45.0;-2.53;42.47;PRIX PERSONNALISE;Prix ne correspond a aucun prix catalogue connu du menu -> facture sans detail -> exclu du calcul alcool
2024-2025;A (17/04/2023-17/07/2025);2024-09-25;20:26;27;3503;65247;0196;Menu 'Demi Lune';1.0;42.7;45.0;45.0;-2.3;42.7;PRIX PERSONNALISE;Prix ne correspond a aucun prix catalogue connu du menu -> facture sans detail -> exclu du calcul alcool
2024-2025;A (17/04/2023-17/07/2025);2024-09-27;12:15;5;3505;65281;0196;Menu 'Demi Lune';2.0;30.0;45.0;45.0;-15.0;60.0;PRIX PERSONNALISE;Prix ne correspond a aucun prix catalogue connu du menu -> facture sans detail -> exclu du calcul alcool
2024-2025;A (17/04/2023-17/07/2025);2024-10-03;19:19;17;3509;65419;1928;Menu Végétarien;2.0;28.0;23.0/25.0/26.5;26.5;1.5;56.0;PRIX PERSONNALISE;Prix ne correspond a aucun prix catalogue connu du menu -> facture sans detail -> exclu du calcul alcool
2024-2025;A (17/04/2023-17/07/2025);2024-10-04;18:54;11;3510;65428;0196;Menu 'Demi Lune';2.0;57.95;45.0;45.0;12.95;115.9;PRIX PERSONNALISE;Prix ne correspond a aucun prix catalogue connu du menu -> facture sans detail -> exclu du calcul alcool
2024-2025;A (17/04/2023-17/07/2025);2024-10-09;12:41;4;3513;65518;1930;Menu du Dahu;1.0;25.1;29.9;29.9;-4.8;25.1;PRIX PERSONNALISE;Prix ne correspond a aucun prix catalogue connu du menu -> facture sans detail -> exclu du calcul alcool
2024-2025;A (17/04/2023-17/07/2025);2024-10-11;12:44;6;3515;65583;0196;Menu 'Demi Lune';2.0;50.0;45.0;45.0;5.0;100.0;PRIX PERSONNALISE;Prix ne correspond a aucun prix catalogue connu du menu -> facture sans detail -> exclu du calcul alcool
2024-2025;A (17/04/2023-17/07/2025);2024-10-16;19:33;12;3518;65683;2036;Menu Bourguignon;1.0;32.9;32.0/34.0;34.0;-1.1;32.9;PRIX PERSONNALISE;Prix ne correspond a aucun prix catalogue connu du menu -> facture sans detail -> exclu du calcul alcool
2024-2025;A (17/04/2023-17/07/2025);2024-10-16;19:34;13;3518;65685;2036;Menu Bourguignon;1.0;32.9;32.0/34.0;34.0;-1.1;32.9;PRIX PERSONNALISE;Prix ne correspond a aucun prix catalogue connu du menu -> facture sans detail -> exclu du calcul alcool
2024-2025;A (17/04/2023-17/07/2025);2024-10-16;20:00;18;3518;65671;1930;Menu du Dahu;1.0;27.22;29.9;29.9;-2.68;27.22;PRIX PERSONNALISE;Prix ne correspond a aucun prix catalogue connu du menu -> facture sans detail -> exclu du calcul alcool
2024-2025;A (17/04/2023-17/07/2025);2024-10-17;11:52;2;3519;65697;0196;Menu 'Demi Lune';2.0;33.6;45.0;45.0;-11.4;67.2;PRIX PERSONNALISE;Prix ne correspond a aucun prix catalogue connu du menu -> facture sans detail -> exclu du calcul alcool
2024-2025;A (17/04/2023-17/07/2025);2024-10-17;11:52;3;3519;65698;2036;Menu Bourguignon;2.0;33.6;32.0/34.0;34.0;-0.4;67.2;PRIX PERSONNALISE;Prix ne correspond a aucun prix catalogue connu du menu -> facture sans detail -> exclu du calcul alcool
2024-2025;A (17/04/2023-17/07/2025);2024-10-17;19:38;12;3519;65717;2036;Menu Bourguignon;1.0;30.0;32.0/34.0;34.0;-4.0;30.0;PRIX PERSONNALISE;Prix ne correspond a aucun prix catalogue connu du menu -> facture sans detail -> exclu du calcul alcool
2024-2025;A (17/04/2023-17/07/2025);2024-10-17;19:38;13;3519;65718;0196;Menu 'Demi Lune';1.0;47.2;45.0;45.0;2.2;47.2;PRIX PERSONNALISE;Prix ne correspond a aucun prix catalogue connu du menu -> facture sans detail -> exclu du calcul alcool
2024-2025;A (17/04/2023-17/07/2025);2024-10-19;19:42;12;3521;65759;0196;Menu 'Demi Lune';1.0;29.7;45.0;45.0;-15.3;29.7;PRIX PERSONNALISE;Prix ne correspond a aucun prix catalogue connu du menu -> facture sans detail -> exclu du calcul alcool
2024-2025;A (17/04/2023-17/07/2025);2024-10-23;19:33;19;3523;65817;2037;Menu Franc-Comtois;2.0;29.2;32.0/34.0;34.0;-4.8;58.4;PRIX PERSONNALISE;Prix ne correspond a aucun prix catalogue connu du menu -> facture sans detail -> exclu du calcul alcool
2024-2025;A (17/04/2023-17/07/2025);2024-10-31;13:06;12;3529;65992;0196;Menu 'Demi Lune';5.0;48.68;45.0;45.0;3.68;243.4;PRIX PERSONNALISE;Prix ne correspond a aucun prix catalogue connu du menu -> facture sans detail -> exclu du calcul alcool
2024-2025;A (17/04/2023-17/07/2025);2024-11-07;19:38;14;3534;66152;2036;Menu Bourguignon;2.0;29.6;32.0/34.0;34.0;-4.4;59.2;PRIX PERSONNALISE;Prix ne correspond a aucun prix catalogue connu du menu -> facture sans detail -> exclu du calcul alcool
2024-2025;A (17/04/2023-17/07/2025);2024-11-09;19:47;17;3536;66222;0196;Menu 'Demi Lune';1.0;60.0;45.0;45.0;15.0;60.0;PRIX PERSONNALISE;Prix ne correspond a aucun prix catalogue connu du menu -> facture sans detail -> exclu du calcul alcool
2024-2025;A (17/04/2023-17/07/2025);2024-11-15;19:18;10;3540;66302;1930;Menu du Dahu;2.0;28.05;29.9;29.9;-1.85;56.1;PRIX PERSONNALISE;Prix ne correspond a aucun prix catalogue connu du menu -> facture sans detail -> exclu du calcul alcool
2024-2025;A (17/04/2023-17/07/2025);2024-11-21;12:20;3;3544;66378;0196;Menu 'Demi Lune';2.0;29.2;45.0;45.0;-15.8;58.4;PRIX PERSONNALISE;Prix ne correspond a aucun prix catalogue connu du menu -> facture sans detail -> exclu du calcul alcool
2024-2025;A (17/04/2023-17/07/2025);2024-11-27;12:24;4;3548;66466;0196;Menu 'Demi Lune';2.0;25.7;45.0;45.0;-19.3;51.4;PRIX PERSONNALISE;Prix ne correspond a aucun prix catalogue connu du menu -> facture sans detail -> exclu du calcul alcool
2024-2025;A (17/04/2023-17/07/2025);2024-11-30;19:33;15;3551;66576;0196;Menu 'Demi Lune';2.0;30.0;45.0;45.0;-15.0;60.0;PRIX PERSONNALISE;Prix ne correspond a aucun prix catalogue connu du menu -> facture sans detail -> exclu du calcul alcool
2024-2025;A (17/04/2023-17/07/2025);2024-12-07;12:53;5;3556;66661;0196;Menu 'Demi Lune';1.0;60.0;45.0;45.0;15.0;60.0;PRIX PERSONNALISE;Prix ne correspond a aucun prix catalogue connu du menu -> facture sans detail -> exclu du calcul alcool
2024-2025;A (17/04/2023-17/07/2025);2024-12-11;12:49;4;3558;66701;1930;Menu du Dahu;2.0;47.9;29.9;29.9;18.0;95.8;PRIX PERSONNALISE;Prix ne correspond a aucun prix catalogue connu du menu -> facture sans detail -> exclu du calcul alcool
2024-2025;A (17/04/2023-17/07/2025);2024-12-11;20:36;18;3558;66714;0196;Menu 'Demi Lune';3.0;50.0;45.0;45.0;5.0;150.0;PRIX PERSONNALISE;Prix ne correspond a aucun prix catalogue connu du menu -> facture sans detail -> exclu du calcul alcool
2024-2025;A (17/04/2023-17/07/2025);2024-12-11;20:36;18;3558;66714;0196;Menu 'Demi Lune';1.0;52.1;45.0;45.0;7.1;52.1;PRIX PERSONNALISE;Prix ne correspond a aucun prix catalogue connu du menu -> facture sans detail -> exclu du calcul alcool
2024-2025;A (17/04/2023-17/07/2025);2024-12-13;11:15;1;3560;66765;0196;Menu 'Demi Lune';2.0;60.0;45.0;45.0;15.0;120.0;PRIX PERSONNALISE;Prix ne correspond a aucun prix catalogue connu du menu -> facture sans detail -> exclu du calcul alcool
2024-2025;A (17/04/2023-17/07/2025);2024-12-14;13:14;9;3561;66800;0196;Menu 'Demi Lune';2.0;50.0;45.0;45.0;5.0;100.0;PRIX PERSONNALISE;Prix ne correspond a aucun prix catalogue connu du menu -> facture sans detail -> exclu du calcul alcool
2024-2025;A (17/04/2023-17/07/2025);2024-12-15;13:15;7;3562;66823;0196;Menu 'Demi Lune';5.0;64.72;45.0;45.0;19.72;323.6;PRIX PERSONNALISE;Prix ne correspond a aucun prix catalogue connu du menu -> facture sans detail -> exclu du calcul alcool
2024-2025;A (17/04/2023-17/07/2025);2024-12-18;12:31;5;3563;66842;0196;Menu 'Demi Lune';2.0;40.0;45.0;45.0;-5.0;80.0;PRIX PERSONNALISE;Prix ne correspond a aucun prix catalogue connu du menu -> facture sans detail -> exclu du calcul alcool
2024-2025;A (17/04/2023-17/07/2025);2024-12-18;19:57;21;3563;66857;0196;Menu 'Demi Lune';2.0;66.8;45.0;45.0;21.8;133.6;PRIX PERSONNALISE;Prix ne correspond a aucun prix catalogue connu du menu -> facture sans detail -> exclu du calcul alcool
2024-2025;A (17/04/2023-17/07/2025);2024-12-19;10:24;1;3564;66867;0196;Menu 'Demi Lune';2.0;25.0;45.0;45.0;-20.0;50.0;PRIX PERSONNALISE;Prix ne correspond a aucun prix catalogue connu du menu -> facture sans detail -> exclu du calcul alcool
2024-2025;A (17/04/2023-17/07/2025);2024-12-20;11:23;1;3565;66888;0196;Menu 'Demi Lune';2.0;30.0;45.0;45.0;-15.0;60.0;PRIX PERSONNALISE;Prix ne correspond a aucun prix catalogue connu du menu -> facture sans detail -> exclu du calcul alcool
2024-2025;A (17/04/2023-17/07/2025);2024-12-20;12:28;4;3565;66893;0196;Menu 'Demi Lune';2.0;50.0;45.0;45.0;5.0;100.0;PRIX PERSONNALISE;Prix ne correspond a aucun prix catalogue connu du menu -> facture sans detail -> exclu du calcul alcool
2024-2025;A (17/04/2023-17/07/2025);2024-12-21;16:40;10;3566;66922;0196;Menu 'Demi Lune';2.0;50.0;45.0;45.0;5.0;100.0;PRIX PERSONNALISE;Prix ne correspond a aucun prix catalogue connu du menu -> facture sans detail -> exclu du calcul alcool
2024-2025;A (17/04/2023-17/07/2025);2024-12-31;22:22;7;3572;67052;0196;Menu 'Demi Lune';2.0;60.0;45.0;45.0;15.0;120.0;PRIX PERSONNALISE;Prix ne correspond a aucun prix catalogue connu du menu -> facture sans detail -> exclu du calcul alcool
2024-2025;A (17/04/2023-17/07/2025);2024-12-31;22:22;9;3572;67056;0196;Menu 'Demi Lune';2.0;60.0;45.0;45.0;15.0;120.0;PRIX PERSONNALISE;Prix ne correspond a aucun prix catalogue connu du menu -> facture sans detail -> exclu du calcul alcool
2024-2025;A (17/04/2023-17/07/2025);2024-12-31;23:15;11;3572;67055;0196;Menu 'Demi Lune';4.0;60.0;45.0;45.0;15.0;240.0;PRIX PERSONNALISE;Prix ne correspond a aucun prix catalogue connu du menu -> facture sans detail -> exclu du calcul alcool
2024-2025;A (17/04/2023-17/07/2025);2025-03-05;19:32;20;3577;67194;2037;Menu Franc-Comtois;2.0;35.95;32.0/34.0;34.0;1.95;71.9;PRIX PERSONNALISE;Prix ne correspond a aucun prix catalogue connu du menu -> facture sans detail -> exclu du calcul alcool
2024-2025;A (17/04/2023-17/07/2025);2025-03-06;10:54;1;3578;67205;0196;Menu 'Demi Lune';2.0;50.0;45.0;45.0;5.0;100.0;PRIX PERSONNALISE;Prix ne correspond a aucun prix catalogue connu du menu -> facture sans detail -> exclu du calcul alcool
2024-2025;A (17/04/2023-17/07/2025);2025-03-06;18:36;17;3578;67217;0196;Menu 'Demi Lune';1.0;37.2;45.0;45.0;-7.8;37.2;PRIX PERSONNALISE;Prix ne correspond a aucun prix catalogue connu du menu -> facture sans detail -> exclu du calcul alcool
2024-2025;A (17/04/2023-17/07/2025);2025-03-06;19:53;25;3578;67231;0196;Menu 'Demi Lune';2.0;40.0;45.0;45.0;-5.0;80.0;PRIX PERSONNALISE;Prix ne correspond a aucun prix catalogue connu du menu -> facture sans detail -> exclu du calcul alcool
2024-2025;A (17/04/2023-17/07/2025);2025-03-14;19:45;9;3584;67368;2037;Menu Franc-Comtois;1.0;33.0;32.0/34.0;34.0;-1.0;33.0;PRIX PERSONNALISE;Prix ne correspond a aucun prix catalogue connu du menu -> facture sans detail -> exclu du calcul alcool
2024-2025;A (17/04/2023-17/07/2025);2025-03-14;19:45;10;3584;67379;2037;Menu Franc-Comtois;1.0;33.0;32.0/34.0;34.0;-1.0;33.0;PRIX PERSONNALISE;Prix ne correspond a aucun prix catalogue connu du menu -> facture sans detail -> exclu du calcul alcool
2024-2025;A (17/04/2023-17/07/2025);2025-03-14;20:39;14;3584;67383;0196;Menu 'Demi Lune';1.0;30.0;45.0;45.0;-15.0;30.0;PRIX PERSONNALISE;Prix ne correspond a aucun prix catalogue connu du menu -> facture sans detail -> exclu du calcul alcool
2024-2025;A (17/04/2023-17/07/2025);2025-03-19;20:24;19;3587;67456;2037;Menu Franc-Comtois;4.0;37.67;32.0/34.0;34.0;3.67;150.68;PRIX PERSONNALISE;Prix ne correspond a aucun prix catalogue connu du menu -> facture sans detail -> exclu du calcul alcool
2024-2025;A (17/04/2023-17/07/2025);2025-03-19;20:25;20;3587;67457;2037;Menu Franc-Comtois;4.0;38.0;32.0/34.0;34.0;4.0;152.0;PRIX PERSONNALISE;Prix ne correspond a aucun prix catalogue connu du menu -> facture sans detail -> exclu du calcul alcool
2024-2025;A (17/04/2023-17/07/2025);2025-03-19;20:25;20;3587;67457;2036;Menu Bourguignon;1.0;36.42;32.0/34.0;34.0;2.42;36.42;PRIX PERSONNALISE;Prix ne correspond a aucun prix catalogue connu du menu -> facture sans detail -> exclu du calcul alcool
2024-2025;A (17/04/2023-17/07/2025);2025-03-22;20:09;21;3590;67539;0196;Menu 'Demi Lune';2.0;39.07;45.0;45.0;-5.93;78.14;PRIX PERSONNALISE;Prix ne correspond a aucun prix catalogue connu du menu -> facture sans detail -> exclu du calcul alcool
2024-2025;A (17/04/2023-17/07/2025);2025-03-27;11:44;5;3593;67582;2036;Menu Bourguignon;1.0;29.2;32.0/34.0;34.0;-4.8;29.2;PRIX PERSONNALISE;Prix ne correspond a aucun prix catalogue connu du menu -> facture sans detail -> exclu du calcul alcool
2024-2025;A (17/04/2023-17/07/2025);2025-03-28;11:43;1;3594;67605;2037;Menu Franc-Comtois;2.0;29.0;32.0/34.0;34.0;-5.0;58.0;PRIX PERSONNALISE;Prix ne correspond a aucun prix catalogue connu du menu -> facture sans detail -> exclu du calcul alcool
2024-2025;A (17/04/2023-17/07/2025);2025-03-28;11:43;1;3594;67605;1928;Menu Végétarien;1.0;23.5;23.0/25.0/26.5;26.5;-3.0;23.5;PRIX PERSONNALISE;Prix ne correspond a aucun prix catalogue connu du menu -> facture sans detail -> exclu du calcul alcool
2024-2025;A (17/04/2023-17/07/2025);2025-03-30;12:25;3;3596;67672;2037;Menu Franc-Comtois;1.0;32.3;32.0/34.0;34.0;-1.7;32.3;PRIX PERSONNALISE;Prix ne correspond a aucun prix catalogue connu du menu -> facture sans detail -> exclu du calcul alcool
